im_name,accuracy,psnr,snr
Tsukuba_f_0_0_0.png,88.6,14.17,7.38
Tsukuba_f_0_0_1.png,88.6,14.17,7.38
Tsukuba_f_0_0_10.png,88.6,14.17,7.38
Tsukuba_f_0_0_11.png,88.6,14.17,7.38
Tsukuba_f_0_0_12.png,88.6,14.17,7.38
Tsukuba_f_0_0_13.png,88.6,14.17,7.38
Tsukuba_f_0_0_14.png,88.6,14.17,7.38
Tsukuba_f_0_0_15.png,88.6,14.17,7.38
Tsukuba_f_0_0_16.png,88.6,14.17,7.38
Tsukuba_f_0_0_17.png,88.6,14.17,7.38
Tsukuba_f_0_0_18.png,88.6,14.17,7.38
Tsukuba_f_0_0_2.png,88.6,14.17,7.38
Tsukuba_f_0_0_3.png,88.6,14.17,7.38
Tsukuba_f_0_0_4.png,88.6,14.17,7.38
Tsukuba_f_0_0_5.png,88.6,14.17,7.38
Tsukuba_f_0_0_6.png,88.6,14.17,7.38
Tsukuba_f_0_0_7.png,88.6,14.17,7.38
Tsukuba_f_0_0_8.png,88.6,14.17,7.38
Tsukuba_f_0_0_9.png,88.6,14.17,7.38
Tsukuba_f_0_10_0.png,88.6,14.17,7.38
Tsukuba_f_0_10_1.png,88.6,14.17,7.38
Tsukuba_f_0_10_10.png,88.59,14.17,7.38
Tsukuba_f_0_10_11.png,88.58,14.17,7.38
Tsukuba_f_0_10_12.png,88.6,14.17,7.38
Tsukuba_f_0_10_13.png,88.78,14.2,7.41
Tsukuba_f_0_10_14.png,88.68,14.17,7.38
Tsukuba_f_0_10_15.png,88.99,14.22,7.43
Tsukuba_f_0_10_16.png,87.33,15.82,9.04
Tsukuba_f_0_10_17.png,83.25,12.64,5.85
Tsukuba_f_0_10_18.png,88.62,14.18,7.39
Tsukuba_f_0_10_2.png,88.6,14.17,7.38
Tsukuba_f_0_10_3.png,88.6,14.17,7.38
Tsukuba_f_0_10_4.png,88.6,14.17,7.38
Tsukuba_f_0_10_5.png,88.6,14.17,7.38
Tsukuba_f_0_10_6.png,88.59,14.17,7.38
Tsukuba_f_0_10_7.png,88.59,14.17,7.38
Tsukuba_f_0_10_8.png,88.6,14.17,7.38
Tsukuba_f_0_10_9.png,88.59,14.17,7.38
Tsukuba_f_0_11_0.png,88.6,14.17,7.38
Tsukuba_f_0_11_1.png,88.6,14.17,7.38
Tsukuba_f_0_11_10.png,88.59,14.17,7.38
Tsukuba_f_0_11_11.png,88.58,14.17,7.38
Tsukuba_f_0_11_12.png,88.6,14.17,7.38
Tsukuba_f_0_11_13.png,88.78,14.2,7.41
Tsukuba_f_0_11_14.png,88.68,14.17,7.38
Tsukuba_f_0_11_15.png,88.99,14.22,7.43
Tsukuba_f_0_11_16.png,87.33,15.82,9.04
Tsukuba_f_0_11_17.png,83.25,12.64,5.85
Tsukuba_f_0_11_18.png,88.62,14.18,7.39
Tsukuba_f_0_11_2.png,88.6,14.17,7.38
Tsukuba_f_0_11_3.png,88.6,14.17,7.38
Tsukuba_f_0_11_4.png,88.6,14.17,7.38
Tsukuba_f_0_11_5.png,88.6,14.17,7.38
Tsukuba_f_0_11_6.png,88.59,14.17,7.38
Tsukuba_f_0_11_7.png,88.59,14.17,7.38
Tsukuba_f_0_11_8.png,88.6,14.17,7.38
Tsukuba_f_0_11_9.png,88.58,14.17,7.38
Tsukuba_f_0_12_0.png,88.6,14.17,7.38
Tsukuba_f_0_12_1.png,88.6,14.17,7.38
Tsukuba_f_0_12_10.png,88.59,14.17,7.38
Tsukuba_f_0_12_11.png,88.58,14.17,7.38
Tsukuba_f_0_12_12.png,88.6,14.17,7.38
Tsukuba_f_0_12_13.png,88.78,14.2,7.41
Tsukuba_f_0_12_14.png,88.68,14.17,7.38
Tsukuba_f_0_12_15.png,88.99,14.22,7.43
Tsukuba_f_0_12_16.png,87.33,15.82,9.04
Tsukuba_f_0_12_17.png,83.25,12.64,5.85
Tsukuba_f_0_12_18.png,88.62,14.18,7.39
Tsukuba_f_0_12_2.png,88.6,14.17,7.38
Tsukuba_f_0_12_3.png,88.6,14.17,7.38
Tsukuba_f_0_12_4.png,88.6,14.17,7.38
Tsukuba_f_0_12_5.png,88.6,14.17,7.38
Tsukuba_f_0_12_6.png,88.59,14.17,7.38
Tsukuba_f_0_12_7.png,88.59,14.17,7.38
Tsukuba_f_0_12_8.png,88.6,14.17,7.38
Tsukuba_f_0_12_9.png,88.58,14.17,7.38
Tsukuba_f_0_13_0.png,88.6,14.17,7.38
Tsukuba_f_0_13_1.png,88.6,14.17,7.38
Tsukuba_f_0_13_10.png,88.59,14.17,7.38
Tsukuba_f_0_13_11.png,88.58,14.17,7.38
Tsukuba_f_0_13_12.png,88.6,14.17,7.38
Tsukuba_f_0_13_13.png,88.78,14.2,7.41
Tsukuba_f_0_13_14.png,88.68,14.17,7.38
Tsukuba_f_0_13_15.png,88.99,14.22,7.43
Tsukuba_f_0_13_16.png,87.33,15.82,9.04
Tsukuba_f_0_13_17.png,83.25,12.64,5.85
Tsukuba_f_0_13_18.png,88.62,14.18,7.39
Tsukuba_f_0_13_2.png,88.6,14.17,7.38
Tsukuba_f_0_13_3.png,88.6,14.17,7.38
Tsukuba_f_0_13_4.png,88.6,14.17,7.38
Tsukuba_f_0_13_5.png,88.6,14.17,7.38
Tsukuba_f_0_13_6.png,88.59,14.17,7.38
Tsukuba_f_0_13_7.png,88.59,14.17,7.38
Tsukuba_f_0_13_8.png,88.6,14.17,7.38
Tsukuba_f_0_13_9.png,88.58,14.17,7.38
Tsukuba_f_0_14_0.png,88.6,14.17,7.38
Tsukuba_f_0_14_1.png,88.6,14.17,7.38
Tsukuba_f_0_14_10.png,88.59,14.17,7.38
Tsukuba_f_0_14_11.png,88.58,14.17,7.38
Tsukuba_f_0_14_12.png,88.6,14.17,7.38
Tsukuba_f_0_14_13.png,88.78,14.2,7.41
Tsukuba_f_0_14_14.png,88.68,14.17,7.38
Tsukuba_f_0_14_15.png,88.99,14.22,7.43
Tsukuba_f_0_14_16.png,87.33,15.82,9.04
Tsukuba_f_0_14_17.png,83.25,12.64,5.85
Tsukuba_f_0_14_18.png,88.62,14.18,7.39
Tsukuba_f_0_14_2.png,88.6,14.17,7.38
Tsukuba_f_0_14_3.png,88.6,14.17,7.38
Tsukuba_f_0_14_4.png,88.6,14.17,7.38
Tsukuba_f_0_14_5.png,88.6,14.17,7.38
Tsukuba_f_0_14_6.png,88.59,14.17,7.38
Tsukuba_f_0_14_7.png,88.59,14.17,7.38
Tsukuba_f_0_14_8.png,88.6,14.17,7.38
Tsukuba_f_0_14_9.png,88.58,14.17,7.38
Tsukuba_f_0_15_0.png,88.6,14.17,7.38
Tsukuba_f_0_15_1.png,88.6,14.17,7.38
Tsukuba_f_0_15_10.png,88.59,14.17,7.38
Tsukuba_f_0_15_11.png,88.58,14.17,7.38
Tsukuba_f_0_15_12.png,88.6,14.17,7.38
Tsukuba_f_0_15_13.png,88.78,14.2,7.41
Tsukuba_f_0_15_14.png,88.68,14.17,7.38
Tsukuba_f_0_15_15.png,88.99,14.22,7.43
Tsukuba_f_0_15_16.png,87.33,15.82,9.04
Tsukuba_f_0_15_17.png,83.25,12.64,5.85
Tsukuba_f_0_15_18.png,88.62,14.18,7.39
Tsukuba_f_0_15_2.png,88.6,14.17,7.38
Tsukuba_f_0_15_3.png,88.6,14.17,7.38
Tsukuba_f_0_15_4.png,88.6,14.17,7.38
Tsukuba_f_0_15_5.png,88.6,14.17,7.38
Tsukuba_f_0_15_6.png,88.59,14.17,7.38
Tsukuba_f_0_15_7.png,88.59,14.17,7.38
Tsukuba_f_0_15_8.png,88.6,14.17,7.38
Tsukuba_f_0_15_9.png,88.58,14.17,7.38
Tsukuba_f_0_16_0.png,88.6,14.17,7.38
Tsukuba_f_0_16_1.png,88.6,14.17,7.38
Tsukuba_f_0_16_10.png,88.59,14.17,7.38
Tsukuba_f_0_16_11.png,88.58,14.17,7.38
Tsukuba_f_0_16_12.png,88.6,14.17,7.38
Tsukuba_f_0_16_13.png,88.78,14.2,7.41
Tsukuba_f_0_16_14.png,88.68,14.17,7.38
Tsukuba_f_0_16_15.png,88.99,14.22,7.43
Tsukuba_f_0_16_16.png,87.33,15.82,9.04
Tsukuba_f_0_16_17.png,83.25,12.64,5.85
Tsukuba_f_0_16_18.png,88.62,14.18,7.39
Tsukuba_f_0_16_2.png,88.6,14.17,7.38
Tsukuba_f_0_16_3.png,88.6,14.17,7.38
Tsukuba_f_0_16_4.png,88.6,14.17,7.38
Tsukuba_f_0_16_5.png,88.6,14.17,7.38
Tsukuba_f_0_16_6.png,88.59,14.17,7.38
Tsukuba_f_0_16_7.png,88.59,14.17,7.38
Tsukuba_f_0_16_8.png,88.6,14.17,7.38
Tsukuba_f_0_16_9.png,88.58,14.17,7.38
Tsukuba_f_0_17_0.png,88.6,14.17,7.38
Tsukuba_f_0_17_1.png,88.6,14.17,7.38
Tsukuba_f_0_17_10.png,88.59,14.17,7.38
Tsukuba_f_0_17_11.png,88.58,14.17,7.38
Tsukuba_f_0_17_12.png,88.6,14.17,7.38
Tsukuba_f_0_17_13.png,88.78,14.2,7.41
Tsukuba_f_0_17_14.png,88.68,14.17,7.38
Tsukuba_f_0_17_15.png,88.99,14.22,7.43
Tsukuba_f_0_17_16.png,87.33,15.82,9.04
Tsukuba_f_0_17_17.png,83.25,12.64,5.85
Tsukuba_f_0_17_18.png,88.62,14.18,7.39
Tsukuba_f_0_17_2.png,88.6,14.17,7.38
Tsukuba_f_0_17_3.png,88.6,14.17,7.38
Tsukuba_f_0_17_4.png,88.6,14.17,7.38
Tsukuba_f_0_17_5.png,88.6,14.17,7.38
Tsukuba_f_0_17_6.png,88.59,14.17,7.38
Tsukuba_f_0_17_7.png,88.59,14.17,7.38
Tsukuba_f_0_17_8.png,88.6,14.17,7.38
Tsukuba_f_0_17_9.png,88.58,14.17,7.38
Tsukuba_f_0_18_0.png,88.6,14.17,7.38
Tsukuba_f_0_18_1.png,88.6,14.17,7.38
Tsukuba_f_0_18_10.png,88.59,14.17,7.38
Tsukuba_f_0_18_11.png,88.57,14.17,7.38
Tsukuba_f_0_18_12.png,88.6,14.17,7.38
Tsukuba_f_0_18_13.png,88.78,14.2,7.41
Tsukuba_f_0_18_14.png,88.68,14.17,7.38
Tsukuba_f_0_18_15.png,88.99,14.22,7.43
Tsukuba_f_0_18_16.png,87.33,15.82,9.04
Tsukuba_f_0_18_17.png,83.25,12.64,5.85
Tsukuba_f_0_18_18.png,88.63,14.18,7.39
Tsukuba_f_0_18_2.png,88.6,14.17,7.38
Tsukuba_f_0_18_3.png,88.6,14.17,7.38
Tsukuba_f_0_18_4.png,88.6,14.17,7.38
Tsukuba_f_0_18_5.png,88.6,14.17,7.38
Tsukuba_f_0_18_6.png,88.59,14.17,7.38
Tsukuba_f_0_18_7.png,88.59,14.17,7.38
Tsukuba_f_0_18_8.png,88.59,14.17,7.38
Tsukuba_f_0_18_9.png,88.58,14.17,7.38
Tsukuba_f_0_19_0.png,88.6,14.17,7.38
Tsukuba_f_0_19_1.png,88.6,14.17,7.38
Tsukuba_f_0_19_10.png,88.75,14.31,7.52
Tsukuba_f_0_19_11.png,87.01,13.91,7.12
Tsukuba_f_0_19_12.png,88.35,13.58,6.79
Tsukuba_f_0_19_13.png,88.6,14.17,7.38
Tsukuba_f_0_19_14.png,88.6,14.17,7.38
Tsukuba_f_0_19_15.png,88.6,14.17,7.39
Tsukuba_f_0_19_16.png,88.6,14.17,7.38
Tsukuba_f_0_19_17.png,88.6,14.17,7.38
Tsukuba_f_0_19_18.png,88.6,14.17,7.38
Tsukuba_f_0_19_2.png,88.6,14.17,7.38
Tsukuba_f_0_19_3.png,88.6,14.17,7.38
Tsukuba_f_0_19_4.png,88.6,14.17,7.38
Tsukuba_f_0_19_5.png,88.61,14.17,7.38
Tsukuba_f_0_19_6.png,88.62,14.18,7.39
Tsukuba_f_0_19_7.png,88.64,14.18,7.39
Tsukuba_f_0_19_8.png,88.74,14.21,7.42
Tsukuba_f_0_19_9.png,88.68,14.23,7.44
Tsukuba_f_0_1_0.png,88.6,14.17,7.38
Tsukuba_f_0_1_1.png,88.6,14.17,7.38
Tsukuba_f_0_1_10.png,88.67,14.19,7.4
Tsukuba_f_0_1_11.png,87.62,13.53,6.74
Tsukuba_f_0_1_12.png,88.4,14.07,7.28
Tsukuba_f_0_1_13.png,88.6,14.17,7.38
Tsukuba_f_0_1_14.png,88.6,14.17,7.38
Tsukuba_f_0_1_15.png,88.6,14.18,7.39
Tsukuba_f_0_1_16.png,88.59,14.25,7.46
Tsukuba_f_0_1_17.png,88.6,14.17,7.38
Tsukuba_f_0_1_18.png,88.6,14.17,7.38
Tsukuba_f_0_1_2.png,88.6,14.17,7.38
Tsukuba_f_0_1_3.png,88.6,14.17,7.38
Tsukuba_f_0_1_4.png,88.61,14.17,7.38
Tsukuba_f_0_1_5.png,88.61,14.17,7.38
Tsukuba_f_0_1_6.png,88.63,14.18,7.39
Tsukuba_f_0_1_7.png,88.67,14.18,7.39
Tsukuba_f_0_1_8.png,88.74,14.2,7.41
Tsukuba_f_0_1_9.png,88.6,14.18,7.39
Tsukuba_f_0_20_0.png,88.6,14.17,7.38
Tsukuba_f_0_20_1.png,88.6,14.17,7.38
Tsukuba_f_0_20_10.png,88.59,14.17,7.38
Tsukuba_f_0_20_11.png,88.57,14.17,7.38
Tsukuba_f_0_20_12.png,88.6,14.17,7.38
Tsukuba_f_0_20_13.png,88.78,14.2,7.41
Tsukuba_f_0_20_14.png,88.68,14.17,7.38
Tsukuba_f_0_20_15.png,88.99,14.22,7.43
Tsukuba_f_0_20_16.png,87.33,15.82,9.04
Tsukuba_f_0_20_17.png,83.25,12.64,5.85
Tsukuba_f_0_20_18.png,88.63,14.18,7.39
Tsukuba_f_0_20_2.png,88.6,14.17,7.38
Tsukuba_f_0_20_3.png,88.6,14.17,7.38
Tsukuba_f_0_20_4.png,88.6,14.17,7.38
Tsukuba_f_0_20_5.png,88.6,14.17,7.38
Tsukuba_f_0_20_6.png,88.59,14.17,7.38
Tsukuba_f_0_20_7.png,88.59,14.17,7.38
Tsukuba_f_0_20_8.png,88.59,14.17,7.38
Tsukuba_f_0_20_9.png,88.58,14.17,7.38
Tsukuba_f_0_21_0.png,88.6,14.17,7.38
Tsukuba_f_0_21_1.png,88.6,14.17,7.38
Tsukuba_f_0_21_10.png,88.59,14.17,7.38
Tsukuba_f_0_21_11.png,88.57,14.17,7.38
Tsukuba_f_0_21_12.png,88.6,14.17,7.38
Tsukuba_f_0_21_13.png,88.78,14.2,7.41
Tsukuba_f_0_21_14.png,88.68,14.17,7.38
Tsukuba_f_0_21_15.png,88.99,14.22,7.43
Tsukuba_f_0_21_16.png,87.33,15.82,9.04
Tsukuba_f_0_21_17.png,83.25,12.64,5.85
Tsukuba_f_0_21_18.png,88.63,14.18,7.39
Tsukuba_f_0_21_2.png,88.6,14.17,7.38
Tsukuba_f_0_21_3.png,88.6,14.17,7.38
Tsukuba_f_0_21_4.png,88.6,14.17,7.38
Tsukuba_f_0_21_5.png,88.6,14.17,7.38
Tsukuba_f_0_21_6.png,88.59,14.17,7.38
Tsukuba_f_0_21_7.png,88.59,14.17,7.38
Tsukuba_f_0_21_8.png,88.59,14.17,7.38
Tsukuba_f_0_21_9.png,88.58,14.17,7.38
Tsukuba_f_0_22_0.png,88.6,14.17,7.38
Tsukuba_f_0_22_1.png,88.6,14.17,7.38
Tsukuba_f_0_22_10.png,88.59,14.17,7.38
Tsukuba_f_0_22_11.png,88.57,14.17,7.38
Tsukuba_f_0_22_12.png,88.6,14.17,7.38
Tsukuba_f_0_22_13.png,88.78,14.2,7.41
Tsukuba_f_0_22_14.png,88.68,14.17,7.38
Tsukuba_f_0_22_15.png,88.99,14.22,7.43
Tsukuba_f_0_22_16.png,87.33,15.82,9.04
Tsukuba_f_0_22_17.png,83.25,12.64,5.85
Tsukuba_f_0_22_18.png,88.63,14.18,7.39
Tsukuba_f_0_22_2.png,88.6,14.17,7.38
Tsukuba_f_0_22_3.png,88.6,14.17,7.38
Tsukuba_f_0_22_4.png,88.6,14.17,7.38
Tsukuba_f_0_22_5.png,88.6,14.17,7.38
Tsukuba_f_0_22_6.png,88.59,14.17,7.38
Tsukuba_f_0_22_7.png,88.59,14.17,7.38
Tsukuba_f_0_22_8.png,88.59,14.17,7.38
Tsukuba_f_0_22_9.png,88.58,14.17,7.38
Tsukuba_f_0_23_0.png,88.6,14.17,7.38
Tsukuba_f_0_23_1.png,88.6,14.17,7.38
Tsukuba_f_0_23_10.png,88.59,14.17,7.38
Tsukuba_f_0_23_11.png,88.57,14.17,7.38
Tsukuba_f_0_23_12.png,88.6,14.17,7.38
Tsukuba_f_0_23_13.png,88.78,14.2,7.41
Tsukuba_f_0_23_14.png,88.68,14.17,7.38
Tsukuba_f_0_23_15.png,88.99,14.22,7.43
Tsukuba_f_0_23_16.png,87.33,15.82,9.04
Tsukuba_f_0_23_17.png,83.25,12.64,5.85
Tsukuba_f_0_23_18.png,88.63,14.18,7.39
Tsukuba_f_0_23_2.png,88.6,14.17,7.38
Tsukuba_f_0_23_3.png,88.6,14.17,7.38
Tsukuba_f_0_23_4.png,88.6,14.17,7.38
Tsukuba_f_0_23_5.png,88.6,14.17,7.38
Tsukuba_f_0_23_6.png,88.59,14.17,7.38
Tsukuba_f_0_23_7.png,88.59,14.17,7.38
Tsukuba_f_0_23_8.png,88.59,14.17,7.38
Tsukuba_f_0_23_9.png,88.58,14.17,7.38
Tsukuba_f_0_24_0.png,88.6,14.17,7.38
Tsukuba_f_0_24_1.png,88.6,14.17,7.38
Tsukuba_f_0_24_10.png,88.59,14.17,7.38
Tsukuba_f_0_24_11.png,88.58,14.17,7.38
Tsukuba_f_0_24_12.png,88.6,14.17,7.38
Tsukuba_f_0_24_13.png,88.78,14.2,7.41
Tsukuba_f_0_24_14.png,88.68,14.17,7.38
Tsukuba_f_0_24_15.png,88.99,14.22,7.43
Tsukuba_f_0_24_16.png,87.33,15.82,9.04
Tsukuba_f_0_24_17.png,83.25,12.64,5.85
Tsukuba_f_0_24_18.png,88.62,14.18,7.39
Tsukuba_f_0_24_2.png,88.6,14.17,7.38
Tsukuba_f_0_24_3.png,88.6,14.17,7.38
Tsukuba_f_0_24_4.png,88.6,14.17,7.38
Tsukuba_f_0_24_5.png,88.6,14.17,7.38
Tsukuba_f_0_24_6.png,88.59,14.17,7.38
Tsukuba_f_0_24_7.png,88.59,14.17,7.38
Tsukuba_f_0_24_8.png,88.59,14.17,7.38
Tsukuba_f_0_24_9.png,88.58,14.17,7.38
Tsukuba_f_0_25_0.png,88.6,14.17,7.38
Tsukuba_f_0_25_1.png,88.6,14.17,7.38
Tsukuba_f_0_25_10.png,88.59,14.17,7.38
Tsukuba_f_0_25_11.png,88.58,14.17,7.38
Tsukuba_f_0_25_12.png,88.6,14.17,7.38
Tsukuba_f_0_25_13.png,88.78,14.2,7.41
Tsukuba_f_0_25_14.png,88.68,14.17,7.38
Tsukuba_f_0_25_15.png,88.99,14.22,7.43
Tsukuba_f_0_25_16.png,87.33,15.82,9.04
Tsukuba_f_0_25_17.png,83.25,12.64,5.85
Tsukuba_f_0_25_18.png,88.62,14.18,7.39
Tsukuba_f_0_25_2.png,88.6,14.17,7.38
Tsukuba_f_0_25_3.png,88.6,14.17,7.38
Tsukuba_f_0_25_4.png,88.6,14.17,7.38
Tsukuba_f_0_25_5.png,88.6,14.17,7.38
Tsukuba_f_0_25_6.png,88.59,14.17,7.38
Tsukuba_f_0_25_7.png,88.59,14.17,7.38
Tsukuba_f_0_25_8.png,88.59,14.17,7.38
Tsukuba_f_0_25_9.png,88.58,14.17,7.38
Tsukuba_f_0_26_0.png,88.6,14.17,7.38
Tsukuba_f_0_26_1.png,88.6,14.17,7.38
Tsukuba_f_0_26_10.png,88.59,14.17,7.38
Tsukuba_f_0_26_11.png,88.57,14.17,7.38
Tsukuba_f_0_26_12.png,88.6,14.17,7.38
Tsukuba_f_0_26_13.png,88.78,14.2,7.41
Tsukuba_f_0_26_14.png,88.68,14.17,7.38
Tsukuba_f_0_26_15.png,88.99,14.22,7.43
Tsukuba_f_0_26_16.png,87.33,15.82,9.04
Tsukuba_f_0_26_17.png,83.25,12.64,5.85
Tsukuba_f_0_26_18.png,88.63,14.18,7.39
Tsukuba_f_0_26_2.png,88.6,14.17,7.38
Tsukuba_f_0_26_3.png,88.6,14.17,7.38
Tsukuba_f_0_26_4.png,88.6,14.17,7.38
Tsukuba_f_0_26_5.png,88.6,14.17,7.38
Tsukuba_f_0_26_6.png,88.59,14.17,7.38
Tsukuba_f_0_26_7.png,88.59,14.17,7.38
Tsukuba_f_0_26_8.png,88.59,14.17,7.38
Tsukuba_f_0_26_9.png,88.58,14.17,7.38
Tsukuba_f_0_27_0.png,88.6,14.17,7.38
Tsukuba_f_0_27_1.png,88.6,14.17,7.38
Tsukuba_f_0_27_10.png,88.59,14.17,7.38
Tsukuba_f_0_27_11.png,88.57,14.17,7.38
Tsukuba_f_0_27_12.png,88.6,14.17,7.38
Tsukuba_f_0_27_13.png,88.78,14.2,7.41
Tsukuba_f_0_27_14.png,88.68,14.17,7.38
Tsukuba_f_0_27_15.png,88.99,14.22,7.43
Tsukuba_f_0_27_16.png,87.33,15.83,9.04
Tsukuba_f_0_27_17.png,83.25,12.64,5.85
Tsukuba_f_0_27_18.png,88.63,14.18,7.39
Tsukuba_f_0_27_2.png,88.6,14.17,7.38
Tsukuba_f_0_27_3.png,88.6,14.17,7.38
Tsukuba_f_0_27_4.png,88.6,14.17,7.38
Tsukuba_f_0_27_5.png,88.59,14.17,7.38
Tsukuba_f_0_27_6.png,88.59,14.17,7.38
Tsukuba_f_0_27_7.png,88.59,14.17,7.38
Tsukuba_f_0_27_8.png,88.59,14.17,7.38
Tsukuba_f_0_27_9.png,88.58,14.17,7.38
Tsukuba_f_0_28_0.png,88.6,14.17,7.38
Tsukuba_f_0_28_1.png,88.6,14.17,7.38
Tsukuba_f_0_28_10.png,88.59,14.17,7.38
Tsukuba_f_0_28_11.png,88.57,14.17,7.38
Tsukuba_f_0_28_12.png,88.6,14.17,7.38
Tsukuba_f_0_28_13.png,88.78,14.2,7.41
Tsukuba_f_0_28_14.png,88.68,14.17,7.38
Tsukuba_f_0_28_15.png,88.99,14.22,7.43
Tsukuba_f_0_28_16.png,87.33,15.83,9.04
Tsukuba_f_0_28_17.png,83.25,12.64,5.85
Tsukuba_f_0_28_18.png,88.63,14.18,7.39
Tsukuba_f_0_28_2.png,88.6,14.17,7.38
Tsukuba_f_0_28_3.png,88.6,14.17,7.38
Tsukuba_f_0_28_4.png,88.6,14.17,7.38
Tsukuba_f_0_28_5.png,88.59,14.17,7.38
Tsukuba_f_0_28_6.png,88.59,14.17,7.38
Tsukuba_f_0_28_7.png,88.59,14.17,7.38
Tsukuba_f_0_28_8.png,88.59,14.17,7.38
Tsukuba_f_0_28_9.png,88.58,14.17,7.38
Tsukuba_f_0_29_0.png,88.6,14.17,7.38
Tsukuba_f_0_29_1.png,88.6,14.17,7.38
Tsukuba_f_0_29_10.png,88.59,14.17,7.38
Tsukuba_f_0_29_11.png,88.57,14.17,7.38
Tsukuba_f_0_29_12.png,88.6,14.17,7.38
Tsukuba_f_0_29_13.png,88.78,14.2,7.41
Tsukuba_f_0_29_14.png,88.68,14.17,7.38
Tsukuba_f_0_29_15.png,88.99,14.22,7.43
Tsukuba_f_0_29_16.png,87.33,15.83,9.04
Tsukuba_f_0_29_17.png,83.25,12.64,5.85
Tsukuba_f_0_29_18.png,88.63,14.18,7.39
Tsukuba_f_0_29_2.png,88.6,14.17,7.38
Tsukuba_f_0_29_3.png,88.6,14.17,7.38
Tsukuba_f_0_29_4.png,88.6,14.17,7.38
Tsukuba_f_0_29_5.png,88.59,14.17,7.38
Tsukuba_f_0_29_6.png,88.59,14.17,7.38
Tsukuba_f_0_29_7.png,88.59,14.17,7.38
Tsukuba_f_0_29_8.png,88.59,14.17,7.38
Tsukuba_f_0_29_9.png,88.58,14.17,7.38
Tsukuba_f_0_2_0.png,88.6,14.17,7.38
Tsukuba_f_0_2_1.png,88.6,14.17,7.38
Tsukuba_f_0_2_10.png,88.68,14.2,7.41
Tsukuba_f_0_2_11.png,87.79,13.63,6.84
Tsukuba_f_0_2_12.png,88.15,14.02,7.23
Tsukuba_f_0_2_13.png,88.6,14.17,7.38
Tsukuba_f_0_2_14.png,88.6,14.17,7.38
Tsukuba_f_0_2_15.png,88.6,14.18,7.39
Tsukuba_f_0_2_16.png,88.59,14.19,7.4
Tsukuba_f_0_2_17.png,88.6,14.17,7.38
Tsukuba_f_0_2_18.png,88.6,14.17,7.38
Tsukuba_f_0_2_2.png,88.6,14.17,7.38
Tsukuba_f_0_2_3.png,88.6,14.17,7.38
Tsukuba_f_0_2_4.png,88.61,14.17,7.38
Tsukuba_f_0_2_5.png,88.61,14.17,7.38
Tsukuba_f_0_2_6.png,88.63,14.18,7.39
Tsukuba_f_0_2_7.png,88.67,14.18,7.39
Tsukuba_f_0_2_8.png,88.74,14.2,7.41
Tsukuba_f_0_2_9.png,88.61,14.18,7.4
Tsukuba_f_0_30_0.png,88.6,14.17,7.38
Tsukuba_f_0_30_1.png,88.6,14.17,7.38
Tsukuba_f_0_30_10.png,88.76,14.32,7.53
Tsukuba_f_0_30_11.png,87.29,13.99,7.2
Tsukuba_f_0_30_12.png,88.14,13.54,6.75
Tsukuba_f_0_30_13.png,88.6,14.17,7.38
Tsukuba_f_0_30_14.png,88.6,14.17,7.38
Tsukuba_f_0_30_15.png,88.6,14.17,7.39
Tsukuba_f_0_30_16.png,88.6,14.17,7.38
Tsukuba_f_0_30_17.png,88.6,14.17,7.38
Tsukuba_f_0_30_18.png,88.6,14.17,7.38
Tsukuba_f_0_30_2.png,88.6,14.17,7.38
Tsukuba_f_0_30_3.png,88.6,14.17,7.38
Tsukuba_f_0_30_4.png,88.6,14.17,7.38
Tsukuba_f_0_30_5.png,88.61,14.17,7.38
Tsukuba_f_0_30_6.png,88.62,14.18,7.39
Tsukuba_f_0_30_7.png,88.64,14.18,7.39
Tsukuba_f_0_30_8.png,88.74,14.21,7.42
Tsukuba_f_0_30_9.png,88.68,14.23,7.44
Tsukuba_f_0_31_0.png,88.6,14.17,7.38
Tsukuba_f_0_31_1.png,88.6,14.17,7.38
Tsukuba_f_0_31_10.png,88.59,14.17,7.38
Tsukuba_f_0_31_11.png,88.57,14.17,7.38
Tsukuba_f_0_31_12.png,88.6,14.17,7.38
Tsukuba_f_0_31_13.png,88.78,14.2,7.41
Tsukuba_f_0_31_14.png,88.68,14.17,7.38
Tsukuba_f_0_31_15.png,88.99,14.22,7.43
Tsukuba_f_0_31_16.png,87.33,15.83,9.04
Tsukuba_f_0_31_17.png,83.25,12.64,5.85
Tsukuba_f_0_31_18.png,88.63,14.18,7.39
Tsukuba_f_0_31_2.png,88.6,14.17,7.38
Tsukuba_f_0_31_3.png,88.6,14.17,7.38
Tsukuba_f_0_31_4.png,88.6,14.17,7.38
Tsukuba_f_0_31_5.png,88.59,14.17,7.38
Tsukuba_f_0_31_6.png,88.59,14.17,7.38
Tsukuba_f_0_31_7.png,88.59,14.17,7.38
Tsukuba_f_0_31_8.png,88.59,14.17,7.38
Tsukuba_f_0_31_9.png,88.58,14.17,7.38
Tsukuba_f_0_32_0.png,88.6,14.17,7.38
Tsukuba_f_0_32_1.png,88.6,14.17,7.38
Tsukuba_f_0_32_10.png,88.59,14.17,7.38
Tsukuba_f_0_32_11.png,88.57,14.17,7.38
Tsukuba_f_0_32_12.png,88.6,14.17,7.38
Tsukuba_f_0_32_13.png,88.78,14.2,7.41
Tsukuba_f_0_32_14.png,88.68,14.17,7.38
Tsukuba_f_0_32_15.png,88.99,14.22,7.43
Tsukuba_f_0_32_16.png,87.33,15.83,9.04
Tsukuba_f_0_32_17.png,83.25,12.64,5.85
Tsukuba_f_0_32_18.png,88.63,14.18,7.39
Tsukuba_f_0_32_2.png,88.6,14.17,7.38
Tsukuba_f_0_32_3.png,88.6,14.17,7.38
Tsukuba_f_0_32_4.png,88.6,14.17,7.38
Tsukuba_f_0_32_5.png,88.59,14.17,7.38
Tsukuba_f_0_32_6.png,88.59,14.17,7.38
Tsukuba_f_0_32_7.png,88.59,14.17,7.38
Tsukuba_f_0_32_8.png,88.59,14.17,7.38
Tsukuba_f_0_32_9.png,88.58,14.17,7.38
Tsukuba_f_0_33_0.png,88.6,14.17,7.38
Tsukuba_f_0_33_1.png,88.6,14.17,7.38
Tsukuba_f_0_33_10.png,88.59,14.17,7.38
Tsukuba_f_0_33_11.png,88.56,14.17,7.38
Tsukuba_f_0_33_12.png,88.6,14.17,7.38
Tsukuba_f_0_33_13.png,88.78,14.2,7.41
Tsukuba_f_0_33_14.png,88.68,14.17,7.38
Tsukuba_f_0_33_15.png,88.99,14.22,7.43
Tsukuba_f_0_33_16.png,87.33,15.83,9.04
Tsukuba_f_0_33_17.png,83.25,12.64,5.85
Tsukuba_f_0_33_18.png,88.63,14.18,7.39
Tsukuba_f_0_33_2.png,88.6,14.17,7.38
Tsukuba_f_0_33_3.png,88.6,14.17,7.38
Tsukuba_f_0_33_4.png,88.6,14.17,7.38
Tsukuba_f_0_33_5.png,88.59,14.17,7.38
Tsukuba_f_0_33_6.png,88.59,14.17,7.38
Tsukuba_f_0_33_7.png,88.58,14.17,7.38
Tsukuba_f_0_33_8.png,88.58,14.17,7.38
Tsukuba_f_0_33_9.png,88.58,14.17,7.38
Tsukuba_f_0_34_0.png,88.6,14.17,7.38
Tsukuba_f_0_34_1.png,88.6,14.17,7.38
Tsukuba_f_0_34_10.png,88.59,14.17,7.38
Tsukuba_f_0_34_11.png,88.56,14.17,7.38
Tsukuba_f_0_34_12.png,88.6,14.17,7.38
Tsukuba_f_0_34_13.png,88.78,14.2,7.41
Tsukuba_f_0_34_14.png,88.68,14.17,7.38
Tsukuba_f_0_34_15.png,88.99,14.22,7.43
Tsukuba_f_0_34_16.png,87.33,15.83,9.04
Tsukuba_f_0_34_17.png,83.25,12.64,5.85
Tsukuba_f_0_34_18.png,88.63,14.18,7.39
Tsukuba_f_0_34_2.png,88.6,14.17,7.38
Tsukuba_f_0_34_3.png,88.6,14.17,7.38
Tsukuba_f_0_34_4.png,88.6,14.17,7.38
Tsukuba_f_0_34_5.png,88.59,14.17,7.38
Tsukuba_f_0_34_6.png,88.59,14.17,7.38
Tsukuba_f_0_34_7.png,88.58,14.17,7.38
Tsukuba_f_0_34_8.png,88.58,14.17,7.38
Tsukuba_f_0_34_9.png,88.58,14.17,7.38
Tsukuba_f_0_35_0.png,88.6,14.17,7.38
Tsukuba_f_0_35_1.png,88.6,14.17,7.38
Tsukuba_f_0_35_10.png,88.59,14.17,7.38
Tsukuba_f_0_35_11.png,88.56,14.17,7.38
Tsukuba_f_0_35_12.png,88.6,14.17,7.38
Tsukuba_f_0_35_13.png,88.78,14.2,7.41
Tsukuba_f_0_35_14.png,88.68,14.17,7.38
Tsukuba_f_0_35_15.png,88.99,14.22,7.43
Tsukuba_f_0_35_16.png,87.33,15.83,9.04
Tsukuba_f_0_35_17.png,83.25,12.64,5.85
Tsukuba_f_0_35_18.png,88.63,14.18,7.39
Tsukuba_f_0_35_2.png,88.6,14.17,7.38
Tsukuba_f_0_35_3.png,88.6,14.17,7.38
Tsukuba_f_0_35_4.png,88.6,14.17,7.38
Tsukuba_f_0_35_5.png,88.59,14.17,7.38
Tsukuba_f_0_35_6.png,88.58,14.17,7.38
Tsukuba_f_0_35_7.png,88.58,14.17,7.38
Tsukuba_f_0_35_8.png,88.58,14.17,7.38
Tsukuba_f_0_35_9.png,88.58,14.17,7.38
Tsukuba_f_0_36_0.png,88.6,14.17,7.38
Tsukuba_f_0_36_1.png,88.6,14.17,7.38
Tsukuba_f_0_36_10.png,88.59,14.17,7.38
Tsukuba_f_0_36_11.png,88.56,14.17,7.38
Tsukuba_f_0_36_12.png,88.6,14.17,7.38
Tsukuba_f_0_36_13.png,88.78,14.2,7.41
Tsukuba_f_0_36_14.png,88.68,14.17,7.38
Tsukuba_f_0_36_15.png,88.99,14.22,7.43
Tsukuba_f_0_36_16.png,87.33,15.83,9.04
Tsukuba_f_0_36_17.png,83.25,12.64,5.85
Tsukuba_f_0_36_18.png,88.63,14.18,7.39
Tsukuba_f_0_36_2.png,88.6,14.17,7.38
Tsukuba_f_0_36_3.png,88.6,14.17,7.38
Tsukuba_f_0_36_4.png,88.6,14.17,7.38
Tsukuba_f_0_36_5.png,88.59,14.17,7.38
Tsukuba_f_0_36_6.png,88.59,14.17,7.38
Tsukuba_f_0_36_7.png,88.58,14.17,7.38
Tsukuba_f_0_36_8.png,88.58,14.17,7.38
Tsukuba_f_0_36_9.png,88.58,14.17,7.38
Tsukuba_f_0_37_0.png,88.6,14.17,7.38
Tsukuba_f_0_37_1.png,88.6,14.17,7.38
Tsukuba_f_0_37_10.png,88.59,14.17,7.38
Tsukuba_f_0_37_11.png,88.55,14.16,7.37
Tsukuba_f_0_37_12.png,88.6,14.17,7.38
Tsukuba_f_0_37_13.png,88.78,14.2,7.41
Tsukuba_f_0_37_14.png,88.69,14.17,7.38
Tsukuba_f_0_37_15.png,88.99,14.22,7.43
Tsukuba_f_0_37_16.png,87.33,15.83,9.04
Tsukuba_f_0_37_17.png,83.25,12.64,5.85
Tsukuba_f_0_37_18.png,88.62,14.18,7.39
Tsukuba_f_0_37_2.png,88.6,14.17,7.38
Tsukuba_f_0_37_3.png,88.6,14.17,7.38
Tsukuba_f_0_37_4.png,88.6,14.17,7.38
Tsukuba_f_0_37_5.png,88.59,14.17,7.38
Tsukuba_f_0_37_6.png,88.59,14.17,7.38
Tsukuba_f_0_37_7.png,88.58,14.17,7.38
Tsukuba_f_0_37_8.png,88.58,14.17,7.38
Tsukuba_f_0_37_9.png,88.58,14.17,7.38
Tsukuba_f_0_38_0.png,88.6,14.17,7.38
Tsukuba_f_0_38_1.png,88.6,14.17,7.38
Tsukuba_f_0_38_10.png,88.59,14.17,7.38
Tsukuba_f_0_38_11.png,88.55,14.16,7.37
Tsukuba_f_0_38_12.png,88.6,14.17,7.38
Tsukuba_f_0_38_13.png,88.78,14.2,7.41
Tsukuba_f_0_38_14.png,88.69,14.17,7.38
Tsukuba_f_0_38_15.png,88.99,14.22,7.43
Tsukuba_f_0_38_16.png,87.33,15.83,9.04
Tsukuba_f_0_38_17.png,83.25,12.64,5.85
Tsukuba_f_0_38_18.png,88.62,14.18,7.39
Tsukuba_f_0_38_2.png,88.6,14.17,7.38
Tsukuba_f_0_38_3.png,88.6,14.17,7.38
Tsukuba_f_0_38_4.png,88.6,14.17,7.38
Tsukuba_f_0_38_5.png,88.59,14.17,7.38
Tsukuba_f_0_38_6.png,88.59,14.17,7.38
Tsukuba_f_0_38_7.png,88.58,14.17,7.38
Tsukuba_f_0_38_8.png,88.58,14.17,7.38
Tsukuba_f_0_38_9.png,88.58,14.17,7.38
Tsukuba_f_0_39_0.png,88.6,14.17,7.38
Tsukuba_f_0_39_1.png,88.6,14.17,7.38
Tsukuba_f_0_39_10.png,88.59,14.17,7.38
Tsukuba_f_0_39_11.png,88.53,14.16,7.37
Tsukuba_f_0_39_12.png,88.6,14.17,7.38
Tsukuba_f_0_39_13.png,88.78,14.2,7.41
Tsukuba_f_0_39_14.png,88.69,14.17,7.38
Tsukuba_f_0_39_15.png,88.99,14.22,7.43
Tsukuba_f_0_39_16.png,87.33,15.83,9.04
Tsukuba_f_0_39_17.png,83.25,12.64,5.85
Tsukuba_f_0_39_18.png,88.6,14.17,7.38
Tsukuba_f_0_39_2.png,88.6,14.17,7.38
Tsukuba_f_0_39_3.png,88.6,14.17,7.38
Tsukuba_f_0_39_4.png,88.6,14.17,7.38
Tsukuba_f_0_39_5.png,88.59,14.17,7.38
Tsukuba_f_0_39_6.png,88.58,14.17,7.38
Tsukuba_f_0_39_7.png,88.57,14.17,7.38
Tsukuba_f_0_39_8.png,88.58,14.17,7.38
Tsukuba_f_0_39_9.png,88.58,14.17,7.38
Tsukuba_f_0_3_0.png,88.6,14.17,7.38
Tsukuba_f_0_3_1.png,88.6,14.17,7.38
Tsukuba_f_0_3_10.png,88.77,14.26,7.47
Tsukuba_f_0_3_11.png,87.5,13.76,6.97
Tsukuba_f_0_3_12.png,87.87,13.95,7.16
Tsukuba_f_0_3_13.png,88.6,14.17,7.38
Tsukuba_f_0_3_14.png,88.6,14.17,7.38
Tsukuba_f_0_3_15.png,88.6,14.18,7.39
Tsukuba_f_0_3_16.png,88.6,14.17,7.38
Tsukuba_f_0_3_17.png,88.6,14.17,7.38
Tsukuba_f_0_3_18.png,88.6,14.17,7.38
Tsukuba_f_0_3_2.png,88.6,14.17,7.38
Tsukuba_f_0_3_3.png,88.6,14.17,7.38
Tsukuba_f_0_3_4.png,88.6,14.17,7.38
Tsukuba_f_0_3_5.png,88.61,14.17,7.38
Tsukuba_f_0_3_6.png,88.63,14.18,7.39
Tsukuba_f_0_3_7.png,88.66,14.18,7.4
Tsukuba_f_0_3_8.png,88.75,14.21,7.42
Tsukuba_f_0_3_9.png,88.63,14.21,7.42
Tsukuba_f_0_40_0.png,88.6,14.17,7.38
Tsukuba_f_0_40_1.png,88.6,14.17,7.38
Tsukuba_f_0_40_10.png,88.59,14.17,7.38
Tsukuba_f_0_40_11.png,88.53,14.16,7.37
Tsukuba_f_0_40_12.png,88.6,14.17,7.38
Tsukuba_f_0_40_13.png,88.78,14.2,7.41
Tsukuba_f_0_40_14.png,88.69,14.17,7.38
Tsukuba_f_0_40_15.png,88.99,14.22,7.43
Tsukuba_f_0_40_16.png,87.33,15.83,9.04
Tsukuba_f_0_40_17.png,83.25,12.64,5.85
Tsukuba_f_0_40_18.png,88.6,14.17,7.38
Tsukuba_f_0_40_2.png,88.6,14.17,7.38
Tsukuba_f_0_40_3.png,88.6,14.17,7.38
Tsukuba_f_0_40_4.png,88.6,14.17,7.38
Tsukuba_f_0_40_5.png,88.59,14.17,7.38
Tsukuba_f_0_40_6.png,88.58,14.17,7.38
Tsukuba_f_0_40_7.png,88.57,14.17,7.38
Tsukuba_f_0_40_8.png,88.58,14.17,7.38
Tsukuba_f_0_40_9.png,88.58,14.17,7.38
Tsukuba_f_0_41_0.png,88.6,14.17,7.38
Tsukuba_f_0_41_1.png,88.6,14.17,7.38
Tsukuba_f_0_41_10.png,88.79,14.42,7.63
Tsukuba_f_0_41_11.png,87.26,14.24,7.45
Tsukuba_f_0_41_12.png,86.97,13.72,6.93
Tsukuba_f_0_41_13.png,88.6,14.17,7.38
Tsukuba_f_0_41_14.png,88.6,14.17,7.38
Tsukuba_f_0_41_15.png,88.6,14.17,7.38
Tsukuba_f_0_41_16.png,88.6,14.17,7.38
Tsukuba_f_0_41_17.png,88.6,14.17,7.38
Tsukuba_f_0_41_18.png,88.6,14.17,7.38
Tsukuba_f_0_41_2.png,88.6,14.17,7.38
Tsukuba_f_0_41_3.png,88.6,14.17,7.38
Tsukuba_f_0_41_4.png,88.6,14.17,7.38
Tsukuba_f_0_41_5.png,88.6,14.17,7.38
Tsukuba_f_0_41_6.png,88.62,14.18,7.39
Tsukuba_f_0_41_7.png,88.64,14.19,7.4
Tsukuba_f_0_41_8.png,88.71,14.22,7.43
Tsukuba_f_0_41_9.png,88.67,14.26,7.47
Tsukuba_f_0_42_0.png,88.6,14.17,7.38
Tsukuba_f_0_42_1.png,88.6,14.17,7.38
Tsukuba_f_0_42_10.png,88.59,14.17,7.38
Tsukuba_f_0_42_11.png,88.54,14.17,7.38
Tsukuba_f_0_42_12.png,88.6,14.17,7.38
Tsukuba_f_0_42_13.png,88.78,14.2,7.41
Tsukuba_f_0_42_14.png,88.69,14.17,7.38
Tsukuba_f_0_42_15.png,88.99,14.22,7.43
Tsukuba_f_0_42_16.png,87.29,15.8,9.01
Tsukuba_f_0_42_17.png,83.1,12.61,5.82
Tsukuba_f_0_42_18.png,88.6,14.17,7.38
Tsukuba_f_0_42_2.png,88.6,14.17,7.38
Tsukuba_f_0_42_3.png,88.6,14.17,7.38
Tsukuba_f_0_42_4.png,88.6,14.17,7.38
Tsukuba_f_0_42_5.png,88.59,14.17,7.38
Tsukuba_f_0_42_6.png,88.58,14.17,7.38
Tsukuba_f_0_42_7.png,88.58,14.17,7.38
Tsukuba_f_0_42_8.png,88.58,14.17,7.38
Tsukuba_f_0_42_9.png,88.59,14.18,7.39
Tsukuba_f_0_43_0.png,88.6,14.17,7.38
Tsukuba_f_0_43_1.png,88.6,14.17,7.38
Tsukuba_f_0_43_10.png,88.6,14.17,7.38
Tsukuba_f_0_43_11.png,88.53,14.17,7.38
Tsukuba_f_0_43_12.png,88.6,14.17,7.38
Tsukuba_f_0_43_13.png,88.76,14.19,7.4
Tsukuba_f_0_43_14.png,88.69,14.17,7.38
Tsukuba_f_0_43_15.png,88.94,14.21,7.42
Tsukuba_f_0_43_16.png,87.37,15.83,9.04
Tsukuba_f_0_43_17.png,83.22,12.64,5.85
Tsukuba_f_0_43_18.png,88.6,14.17,7.38
Tsukuba_f_0_43_2.png,88.59,14.17,7.38
Tsukuba_f_0_43_3.png,88.59,14.17,7.38
Tsukuba_f_0_43_4.png,88.6,14.17,7.38
Tsukuba_f_0_43_5.png,88.59,14.17,7.38
Tsukuba_f_0_43_6.png,88.58,14.17,7.38
Tsukuba_f_0_43_7.png,88.58,14.17,7.38
Tsukuba_f_0_43_8.png,88.58,14.17,7.38
Tsukuba_f_0_43_9.png,88.58,14.17,7.39
Tsukuba_f_0_44_0.png,88.6,14.17,7.38
Tsukuba_f_0_44_1.png,88.6,14.17,7.38
Tsukuba_f_0_44_10.png,88.52,14.15,7.36
Tsukuba_f_0_44_11.png,88.73,14.23,7.44
Tsukuba_f_0_44_12.png,88.6,14.17,7.38
Tsukuba_f_0_44_13.png,88.76,14.19,7.4
Tsukuba_f_0_44_14.png,88.69,14.17,7.38
Tsukuba_f_0_44_15.png,88.92,14.2,7.41
Tsukuba_f_0_44_16.png,87.28,16.18,9.39
Tsukuba_f_0_44_17.png,83.3,12.85,6.06
Tsukuba_f_0_44_18.png,88.6,14.17,7.38
Tsukuba_f_0_44_2.png,88.59,14.17,7.38
Tsukuba_f_0_44_3.png,88.59,14.17,7.38
Tsukuba_f_0_44_4.png,88.59,14.17,7.38
Tsukuba_f_0_44_5.png,88.58,14.17,7.38
Tsukuba_f_0_44_6.png,88.56,14.17,7.38
Tsukuba_f_0_44_7.png,88.55,14.16,7.37
Tsukuba_f_0_44_8.png,88.56,14.17,7.38
Tsukuba_f_0_44_9.png,88.58,14.18,7.39
Tsukuba_f_0_45_0.png,88.6,14.17,7.38
Tsukuba_f_0_45_1.png,88.6,14.17,7.38
Tsukuba_f_0_45_10.png,88.53,14.15,7.36
Tsukuba_f_0_45_11.png,88.76,14.24,7.45
Tsukuba_f_0_45_12.png,88.6,14.17,7.38
Tsukuba_f_0_45_13.png,88.76,14.19,7.4
Tsukuba_f_0_45_14.png,88.69,14.17,7.38
Tsukuba_f_0_45_15.png,88.92,14.2,7.41
Tsukuba_f_0_45_16.png,87.23,16.16,9.38
Tsukuba_f_0_45_17.png,83.25,12.84,6.05
Tsukuba_f_0_45_18.png,88.6,14.17,7.38
Tsukuba_f_0_45_2.png,88.59,14.17,7.38
Tsukuba_f_0_45_3.png,88.59,14.17,7.38
Tsukuba_f_0_45_4.png,88.59,14.17,7.38
Tsukuba_f_0_45_5.png,88.58,14.17,7.38
Tsukuba_f_0_45_6.png,88.57,14.17,7.38
Tsukuba_f_0_45_7.png,88.55,14.16,7.37
Tsukuba_f_0_45_8.png,88.56,14.17,7.38
Tsukuba_f_0_45_9.png,88.57,14.18,7.39
Tsukuba_f_0_46_0.png,88.6,14.17,7.38
Tsukuba_f_0_46_1.png,88.6,14.17,7.38
Tsukuba_f_0_46_10.png,88.51,14.14,7.35
Tsukuba_f_0_46_11.png,88.65,14.2,7.41
Tsukuba_f_0_46_12.png,88.6,14.17,7.38
Tsukuba_f_0_46_13.png,88.76,14.19,7.4
Tsukuba_f_0_46_14.png,88.69,14.17,7.38
Tsukuba_f_0_46_15.png,88.92,14.2,7.41
Tsukuba_f_0_46_16.png,87.34,16.23,9.44
Tsukuba_f_0_46_17.png,83.43,12.89,6.1
Tsukuba_f_0_46_18.png,88.6,14.17,7.38
Tsukuba_f_0_46_2.png,88.59,14.17,7.38
Tsukuba_f_0_46_3.png,88.59,14.17,7.38
Tsukuba_f_0_46_4.png,88.59,14.17,7.38
Tsukuba_f_0_46_5.png,88.58,14.17,7.38
Tsukuba_f_0_46_6.png,88.56,14.16,7.38
Tsukuba_f_0_46_7.png,88.55,14.16,7.37
Tsukuba_f_0_46_8.png,88.54,14.16,7.37
Tsukuba_f_0_46_9.png,88.53,14.17,7.38
Tsukuba_f_0_47_0.png,88.6,14.17,7.38
Tsukuba_f_0_47_1.png,88.6,14.17,7.38
Tsukuba_f_0_47_10.png,88.51,14.14,7.35
Tsukuba_f_0_47_11.png,88.66,14.18,7.39
Tsukuba_f_0_47_12.png,88.6,14.17,7.38
Tsukuba_f_0_47_13.png,88.76,14.19,7.4
Tsukuba_f_0_47_14.png,88.69,14.17,7.38
Tsukuba_f_0_47_15.png,88.92,14.2,7.41
Tsukuba_f_0_47_16.png,87.22,16.21,9.42
Tsukuba_f_0_47_17.png,83.3,12.87,6.08
Tsukuba_f_0_47_18.png,88.6,14.17,7.38
Tsukuba_f_0_47_2.png,88.59,14.17,7.38
Tsukuba_f_0_47_3.png,88.59,14.17,7.38
Tsukuba_f_0_47_4.png,88.59,14.17,7.38
Tsukuba_f_0_47_5.png,88.58,14.17,7.38
Tsukuba_f_0_47_6.png,88.57,14.16,7.38
Tsukuba_f_0_47_7.png,88.55,14.16,7.37
Tsukuba_f_0_47_8.png,88.57,14.16,7.38
Tsukuba_f_0_47_9.png,88.55,14.17,7.38
Tsukuba_f_0_48_0.png,88.6,14.17,7.38
Tsukuba_f_0_48_1.png,88.6,14.17,7.38
Tsukuba_f_0_48_10.png,88.61,14.17,7.38
Tsukuba_f_0_48_11.png,89.77,13.91,7.12
Tsukuba_f_0_48_12.png,88.6,14.17,7.38
Tsukuba_f_0_48_13.png,88.76,14.19,7.4
Tsukuba_f_0_48_14.png,88.69,14.17,7.38
Tsukuba_f_0_48_15.png,88.92,14.2,7.41
Tsukuba_f_0_48_16.png,87.25,16.23,9.44
Tsukuba_f_0_48_17.png,83.34,12.89,6.1
Tsukuba_f_0_48_18.png,88.6,14.17,7.38
Tsukuba_f_0_48_2.png,88.59,14.17,7.38
Tsukuba_f_0_48_3.png,88.59,14.17,7.38
Tsukuba_f_0_48_4.png,88.59,14.17,7.38
Tsukuba_f_0_48_5.png,88.58,14.17,7.38
Tsukuba_f_0_48_6.png,88.57,14.17,7.38
Tsukuba_f_0_48_7.png,88.55,14.16,7.37
Tsukuba_f_0_48_8.png,88.56,14.16,7.37
Tsukuba_f_0_48_9.png,88.57,14.17,7.38
Tsukuba_f_0_49_0.png,88.6,14.17,7.38
Tsukuba_f_0_49_1.png,88.6,14.17,7.38
Tsukuba_f_0_49_10.png,88.65,14.17,7.38
Tsukuba_f_0_49_11.png,89.85,13.92,7.13
Tsukuba_f_0_49_12.png,88.6,14.17,7.38
Tsukuba_f_0_49_13.png,88.76,14.19,7.4
Tsukuba_f_0_49_14.png,88.69,14.17,7.38
Tsukuba_f_0_49_15.png,88.87,14.19,7.4
Tsukuba_f_0_49_16.png,87.25,16.23,9.44
Tsukuba_f_0_49_17.png,84.19,12.99,6.2
Tsukuba_f_0_49_18.png,88.6,14.17,7.38
Tsukuba_f_0_49_2.png,88.59,14.17,7.38
Tsukuba_f_0_49_3.png,88.59,14.17,7.38
Tsukuba_f_0_49_4.png,88.59,14.17,7.38
Tsukuba_f_0_49_5.png,88.58,14.17,7.38
Tsukuba_f_0_49_6.png,88.57,14.17,7.38
Tsukuba_f_0_49_7.png,88.55,14.16,7.37
Tsukuba_f_0_49_8.png,88.56,14.16,7.37
Tsukuba_f_0_49_9.png,88.57,14.17,7.38
Tsukuba_f_0_4_0.png,88.6,14.17,7.38
Tsukuba_f_0_4_1.png,88.6,14.17,7.38
Tsukuba_f_0_4_10.png,88.6,14.17,7.38
Tsukuba_f_0_4_11.png,88.6,14.17,7.38
Tsukuba_f_0_4_12.png,88.6,14.17,7.38
Tsukuba_f_0_4_13.png,88.78,14.2,7.41
Tsukuba_f_0_4_14.png,88.68,14.17,7.38
Tsukuba_f_0_4_15.png,88.99,14.22,7.43
Tsukuba_f_0_4_16.png,87.33,15.82,9.04
Tsukuba_f_0_4_17.png,83.25,12.64,5.85
Tsukuba_f_0_4_18.png,88.61,14.18,7.39
Tsukuba_f_0_4_2.png,88.6,14.17,7.38
Tsukuba_f_0_4_3.png,88.6,14.17,7.38
Tsukuba_f_0_4_4.png,88.6,14.17,7.38
Tsukuba_f_0_4_5.png,88.6,14.17,7.38
Tsukuba_f_0_4_6.png,88.6,14.17,7.38
Tsukuba_f_0_4_7.png,88.6,14.17,7.38
Tsukuba_f_0_4_8.png,88.6,14.17,7.38
Tsukuba_f_0_4_9.png,88.6,14.17,7.38
Tsukuba_f_0_50_0.png,88.6,14.17,7.38
Tsukuba_f_0_50_1.png,88.6,14.17,7.38
Tsukuba_f_0_50_10.png,88.69,14.14,7.35
Tsukuba_f_0_50_11.png,89.07,13.73,6.94
Tsukuba_f_0_50_12.png,88.63,14.18,7.39
Tsukuba_f_0_50_13.png,88.76,14.19,7.4
Tsukuba_f_0_50_14.png,88.64,14.17,7.38
Tsukuba_f_0_50_15.png,88.74,14.18,7.39
Tsukuba_f_0_50_16.png,87.25,16.23,9.44
Tsukuba_f_0_50_17.png,85.67,13.15,6.36
Tsukuba_f_0_50_18.png,88.6,14.17,7.38
Tsukuba_f_0_50_2.png,88.6,14.17,7.38
Tsukuba_f_0_50_3.png,88.6,14.17,7.38
Tsukuba_f_0_50_4.png,88.59,14.17,7.38
Tsukuba_f_0_50_5.png,88.58,14.17,7.38
Tsukuba_f_0_50_6.png,88.57,14.16,7.37
Tsukuba_f_0_50_7.png,88.56,14.16,7.37
Tsukuba_f_0_50_8.png,88.56,14.16,7.37
Tsukuba_f_0_50_9.png,88.54,14.15,7.36
Tsukuba_f_0_51_0.png,88.6,14.17,7.38
Tsukuba_f_0_51_1.png,88.6,14.17,7.38
Tsukuba_f_0_51_10.png,88.89,14.15,7.36
Tsukuba_f_0_51_11.png,88.99,13.65,6.86
Tsukuba_f_0_51_12.png,88.7,14.2,7.41
Tsukuba_f_0_51_13.png,88.6,14.17,7.38
Tsukuba_f_0_51_14.png,88.64,14.17,7.38
Tsukuba_f_0_51_15.png,88.54,14.16,7.37
Tsukuba_f_0_51_16.png,87.25,16.23,9.44
Tsukuba_f_0_51_17.png,91.18,13.83,7.04
Tsukuba_f_0_51_18.png,88.6,14.17,7.38
Tsukuba_f_0_51_2.png,88.6,14.17,7.38
Tsukuba_f_0_51_3.png,88.6,14.17,7.38
Tsukuba_f_0_51_4.png,88.59,14.17,7.38
Tsukuba_f_0_51_5.png,88.58,14.17,7.38
Tsukuba_f_0_51_6.png,88.57,14.16,7.37
Tsukuba_f_0_51_7.png,88.56,14.16,7.37
Tsukuba_f_0_51_8.png,88.58,14.16,7.37
Tsukuba_f_0_51_9.png,88.57,14.14,7.35
Tsukuba_f_0_52_0.png,88.6,14.17,7.38
Tsukuba_f_0_52_1.png,88.6,14.17,7.38
Tsukuba_f_0_52_10.png,88.76,14.42,7.63
Tsukuba_f_0_52_11.png,87.37,14.38,7.59
Tsukuba_f_0_52_12.png,86.77,13.67,6.88
Tsukuba_f_0_52_13.png,88.6,14.17,7.38
Tsukuba_f_0_52_14.png,88.6,14.17,7.38
Tsukuba_f_0_52_15.png,88.6,14.17,7.38
Tsukuba_f_0_52_16.png,88.6,14.17,7.38
Tsukuba_f_0_52_17.png,88.6,14.17,7.38
Tsukuba_f_0_52_18.png,88.6,14.17,7.38
Tsukuba_f_0_52_2.png,88.6,14.17,7.38
Tsukuba_f_0_52_3.png,88.6,14.17,7.38
Tsukuba_f_0_52_4.png,88.6,14.17,7.38
Tsukuba_f_0_52_5.png,88.6,14.17,7.38
Tsukuba_f_0_52_6.png,88.62,14.18,7.39
Tsukuba_f_0_52_7.png,88.64,14.19,7.4
Tsukuba_f_0_52_8.png,88.71,14.22,7.43
Tsukuba_f_0_52_9.png,88.67,14.26,7.47
Tsukuba_f_0_53_0.png,88.6,14.17,7.38
Tsukuba_f_0_53_1.png,88.6,14.17,7.38
Tsukuba_f_0_53_10.png,88.87,14.16,7.37
Tsukuba_f_0_53_11.png,88.69,13.6,6.81
Tsukuba_f_0_53_12.png,88.76,14.21,7.42
Tsukuba_f_0_53_13.png,88.6,14.17,7.38
Tsukuba_f_0_53_14.png,88.64,14.17,7.38
Tsukuba_f_0_53_15.png,88.49,14.16,7.37
Tsukuba_f_0_53_16.png,87.25,16.23,9.44
Tsukuba_f_0_53_17.png,91.52,13.88,7.09
Tsukuba_f_0_53_18.png,88.6,14.17,7.38
Tsukuba_f_0_53_2.png,88.59,14.17,7.38
Tsukuba_f_0_53_3.png,88.6,14.17,7.38
Tsukuba_f_0_53_4.png,88.59,14.17,7.38
Tsukuba_f_0_53_5.png,88.59,14.17,7.38
Tsukuba_f_0_53_6.png,88.59,14.17,7.38
Tsukuba_f_0_53_7.png,88.57,14.16,7.37
Tsukuba_f_0_53_8.png,88.58,14.16,7.37
Tsukuba_f_0_53_9.png,88.57,14.15,7.36
Tsukuba_f_0_54_0.png,88.6,14.17,7.38
Tsukuba_f_0_54_1.png,88.6,14.17,7.38
Tsukuba_f_0_54_10.png,88.97,14.16,7.37
Tsukuba_f_0_54_11.png,87.01,13.75,6.96
Tsukuba_f_0_54_12.png,88.78,14.21,7.42
Tsukuba_f_0_54_13.png,88.59,14.17,7.38
Tsukuba_f_0_54_14.png,88.63,14.17,7.38
Tsukuba_f_0_54_15.png,88.49,14.16,7.37
Tsukuba_f_0_54_16.png,87.25,16.23,9.44
Tsukuba_f_0_54_17.png,91.36,13.87,7.08
Tsukuba_f_0_54_18.png,88.6,14.17,7.38
Tsukuba_f_0_54_2.png,88.6,14.17,7.38
Tsukuba_f_0_54_3.png,88.6,14.17,7.38
Tsukuba_f_0_54_4.png,88.59,14.17,7.38
Tsukuba_f_0_54_5.png,88.59,14.17,7.38
Tsukuba_f_0_54_6.png,88.6,14.17,7.38
Tsukuba_f_0_54_7.png,88.58,14.17,7.38
Tsukuba_f_0_54_8.png,88.58,14.16,7.37
Tsukuba_f_0_54_9.png,88.57,14.15,7.36
Tsukuba_f_0_55_0.png,88.6,14.17,7.38
Tsukuba_f_0_55_1.png,88.6,14.17,7.38
Tsukuba_f_0_55_10.png,88.94,14.17,7.38
Tsukuba_f_0_55_11.png,86.52,13.7,6.91
Tsukuba_f_0_55_12.png,88.83,14.22,7.43
Tsukuba_f_0_55_13.png,88.59,14.17,7.38
Tsukuba_f_0_55_14.png,88.64,14.17,7.39
Tsukuba_f_0_55_15.png,88.49,14.16,7.37
Tsukuba_f_0_55_16.png,87.25,16.23,9.44
Tsukuba_f_0_55_17.png,91.35,13.86,7.08
Tsukuba_f_0_55_18.png,88.6,14.17,7.38
Tsukuba_f_0_55_2.png,88.6,14.17,7.38
Tsukuba_f_0_55_3.png,88.6,14.17,7.38
Tsukuba_f_0_55_4.png,88.59,14.17,7.38
Tsukuba_f_0_55_5.png,88.59,14.17,7.38
Tsukuba_f_0_55_6.png,88.61,14.17,7.38
Tsukuba_f_0_55_7.png,88.59,14.17,7.38
Tsukuba_f_0_55_8.png,88.61,14.17,7.38
Tsukuba_f_0_55_9.png,88.55,14.15,7.36
Tsukuba_f_0_56_0.png,88.6,14.17,7.38
Tsukuba_f_0_56_1.png,88.6,14.17,7.38
Tsukuba_f_0_56_10.png,88.92,14.17,7.38
Tsukuba_f_0_56_11.png,86.26,13.66,6.87
Tsukuba_f_0_56_12.png,88.82,14.22,7.43
Tsukuba_f_0_56_13.png,88.59,14.17,7.38
Tsukuba_f_0_56_14.png,88.64,14.17,7.39
Tsukuba_f_0_56_15.png,88.49,14.16,7.37
Tsukuba_f_0_56_16.png,87.25,16.23,9.44
Tsukuba_f_0_56_17.png,91.36,13.86,7.08
Tsukuba_f_0_56_18.png,88.6,14.17,7.38
Tsukuba_f_0_56_2.png,88.6,14.17,7.38
Tsukuba_f_0_56_3.png,88.6,14.17,7.38
Tsukuba_f_0_56_4.png,88.59,14.17,7.38
Tsukuba_f_0_56_5.png,88.59,14.17,7.38
Tsukuba_f_0_56_6.png,88.61,14.17,7.38
Tsukuba_f_0_56_7.png,88.59,14.16,7.38
Tsukuba_f_0_56_8.png,88.61,14.17,7.38
Tsukuba_f_0_56_9.png,88.53,14.15,7.36
Tsukuba_f_0_57_0.png,88.6,14.17,7.38
Tsukuba_f_0_57_1.png,88.6,14.17,7.38
Tsukuba_f_0_57_10.png,88.77,14.16,7.37
Tsukuba_f_0_57_11.png,86.81,13.68,6.89
Tsukuba_f_0_57_12.png,88.74,14.18,7.4
Tsukuba_f_0_57_13.png,88.59,14.17,7.38
Tsukuba_f_0_57_14.png,88.64,14.17,7.39
Tsukuba_f_0_57_15.png,88.49,14.16,7.37
Tsukuba_f_0_57_16.png,87.25,16.23,9.44
Tsukuba_f_0_57_17.png,88.6,14.17,7.38
Tsukuba_f_0_57_18.png,88.6,14.17,7.38
Tsukuba_f_0_57_2.png,88.6,14.17,7.38
Tsukuba_f_0_57_3.png,88.6,14.17,7.38
Tsukuba_f_0_57_4.png,88.6,14.17,7.38
Tsukuba_f_0_57_5.png,88.61,14.17,7.38
Tsukuba_f_0_57_6.png,88.63,14.17,7.38
Tsukuba_f_0_57_7.png,88.65,14.17,7.38
Tsukuba_f_0_57_8.png,88.67,14.18,7.39
Tsukuba_f_0_57_9.png,88.47,14.14,7.35
Tsukuba_f_0_58_0.png,88.6,14.17,7.38
Tsukuba_f_0_58_1.png,88.6,14.17,7.38
Tsukuba_f_0_58_10.png,88.83,14.17,7.38
Tsukuba_f_0_58_11.png,86.59,13.58,6.79
Tsukuba_f_0_58_12.png,88.7,14.18,7.39
Tsukuba_f_0_58_13.png,88.59,14.17,7.38
Tsukuba_f_0_58_14.png,88.64,14.18,7.39
Tsukuba_f_0_58_15.png,88.5,14.16,7.38
Tsukuba_f_0_58_16.png,87.16,16.29,9.5
Tsukuba_f_0_58_17.png,88.6,14.17,7.38
Tsukuba_f_0_58_18.png,88.6,14.17,7.38
Tsukuba_f_0_58_2.png,88.6,14.17,7.38
Tsukuba_f_0_58_3.png,88.6,14.17,7.38
Tsukuba_f_0_58_4.png,88.6,14.17,7.38
Tsukuba_f_0_58_5.png,88.61,14.17,7.38
Tsukuba_f_0_58_6.png,88.64,14.17,7.38
Tsukuba_f_0_58_7.png,88.65,14.17,7.38
Tsukuba_f_0_58_8.png,88.67,14.17,7.39
Tsukuba_f_0_58_9.png,88.47,14.14,7.35
Tsukuba_f_0_59_0.png,88.6,14.17,7.38
Tsukuba_f_0_59_1.png,88.6,14.17,7.38
Tsukuba_f_0_59_10.png,88.8,14.16,7.37
Tsukuba_f_0_59_11.png,86.2,13.49,6.7
Tsukuba_f_0_59_12.png,88.59,14.15,7.36
Tsukuba_f_0_59_13.png,88.59,14.17,7.38
Tsukuba_f_0_59_14.png,88.64,14.17,7.39
Tsukuba_f_0_59_15.png,88.49,14.16,7.37
Tsukuba_f_0_59_16.png,87.14,16.3,9.51
Tsukuba_f_0_59_17.png,88.6,14.17,7.38
Tsukuba_f_0_59_18.png,88.6,14.17,7.38
Tsukuba_f_0_59_2.png,88.6,14.17,7.38
Tsukuba_f_0_59_3.png,88.6,14.17,7.38
Tsukuba_f_0_59_4.png,88.6,14.17,7.38
Tsukuba_f_0_59_5.png,88.61,14.17,7.38
Tsukuba_f_0_59_6.png,88.64,14.17,7.38
Tsukuba_f_0_59_7.png,88.67,14.17,7.39
Tsukuba_f_0_59_8.png,88.69,14.18,7.39
Tsukuba_f_0_59_9.png,88.49,14.15,7.36
Tsukuba_f_0_5_0.png,88.6,14.17,7.38
Tsukuba_f_0_5_1.png,88.6,14.17,7.38
Tsukuba_f_0_5_10.png,88.59,14.17,7.38
Tsukuba_f_0_5_11.png,88.59,14.17,7.38
Tsukuba_f_0_5_12.png,88.6,14.17,7.38
Tsukuba_f_0_5_13.png,88.78,14.2,7.41
Tsukuba_f_0_5_14.png,88.68,14.17,7.38
Tsukuba_f_0_5_15.png,88.99,14.22,7.43
Tsukuba_f_0_5_16.png,87.33,15.82,9.04
Tsukuba_f_0_5_17.png,83.25,12.64,5.85
Tsukuba_f_0_5_18.png,88.61,14.18,7.39
Tsukuba_f_0_5_2.png,88.6,14.17,7.38
Tsukuba_f_0_5_3.png,88.6,14.17,7.38
Tsukuba_f_0_5_4.png,88.6,14.17,7.38
Tsukuba_f_0_5_5.png,88.6,14.17,7.38
Tsukuba_f_0_5_6.png,88.59,14.17,7.38
Tsukuba_f_0_5_7.png,88.6,14.17,7.38
Tsukuba_f_0_5_8.png,88.6,14.17,7.38
Tsukuba_f_0_5_9.png,88.6,14.17,7.38
Tsukuba_f_0_60_0.png,88.6,14.17,7.38
Tsukuba_f_0_60_1.png,88.6,14.17,7.38
Tsukuba_f_0_60_10.png,88.73,14.15,7.37
Tsukuba_f_0_60_11.png,86.04,13.47,6.68
Tsukuba_f_0_60_12.png,88.56,14.14,7.35
Tsukuba_f_0_60_13.png,88.6,14.17,7.38
Tsukuba_f_0_60_14.png,88.64,14.17,7.39
Tsukuba_f_0_60_15.png,88.59,14.17,7.39
Tsukuba_f_0_60_16.png,87.58,16.37,9.59
Tsukuba_f_0_60_17.png,88.6,14.17,7.38
Tsukuba_f_0_60_18.png,88.6,14.17,7.38
Tsukuba_f_0_60_2.png,88.6,14.17,7.38
Tsukuba_f_0_60_3.png,88.6,14.17,7.38
Tsukuba_f_0_60_4.png,88.6,14.17,7.38
Tsukuba_f_0_60_5.png,88.61,14.17,7.38
Tsukuba_f_0_60_6.png,88.64,14.17,7.38
Tsukuba_f_0_60_7.png,88.67,14.17,7.39
Tsukuba_f_0_60_8.png,88.69,14.18,7.39
Tsukuba_f_0_60_9.png,88.49,14.15,7.36
Tsukuba_f_0_61_0.png,88.6,14.17,7.38
Tsukuba_f_0_61_1.png,88.6,14.17,7.38
Tsukuba_f_0_61_10.png,88.75,14.16,7.37
Tsukuba_f_0_61_11.png,86.46,13.46,6.68
Tsukuba_f_0_61_12.png,88.56,14.13,7.34
Tsukuba_f_0_61_13.png,88.6,14.17,7.38
Tsukuba_f_0_61_14.png,88.64,14.17,7.39
Tsukuba_f_0_61_15.png,88.6,14.18,7.39
Tsukuba_f_0_61_16.png,88.44,16.07,9.28
Tsukuba_f_0_61_17.png,88.6,14.17,7.38
Tsukuba_f_0_61_18.png,88.6,14.17,7.38
Tsukuba_f_0_61_2.png,88.6,14.17,7.38
Tsukuba_f_0_61_3.png,88.6,14.17,7.38
Tsukuba_f_0_61_4.png,88.6,14.17,7.38
Tsukuba_f_0_61_5.png,88.62,14.17,7.38
Tsukuba_f_0_61_6.png,88.64,14.18,7.39
Tsukuba_f_0_61_7.png,88.67,14.17,7.39
Tsukuba_f_0_61_8.png,88.7,14.18,7.39
Tsukuba_f_0_61_9.png,88.57,14.16,7.38
Tsukuba_f_0_62_0.png,88.6,14.17,7.38
Tsukuba_f_0_62_1.png,88.6,14.17,7.38
Tsukuba_f_0_62_10.png,88.76,14.16,7.37
Tsukuba_f_0_62_11.png,86.71,13.48,6.69
Tsukuba_f_0_62_12.png,88.48,14.11,7.32
Tsukuba_f_0_62_13.png,88.6,14.17,7.38
Tsukuba_f_0_62_14.png,88.64,14.17,7.39
Tsukuba_f_0_62_15.png,88.6,14.18,7.39
Tsukuba_f_0_62_16.png,88.44,16.06,9.27
Tsukuba_f_0_62_17.png,88.6,14.17,7.38
Tsukuba_f_0_62_18.png,88.6,14.17,7.38
Tsukuba_f_0_62_2.png,88.6,14.17,7.38
Tsukuba_f_0_62_3.png,88.6,14.17,7.38
Tsukuba_f_0_62_4.png,88.6,14.17,7.38
Tsukuba_f_0_62_5.png,88.62,14.17,7.38
Tsukuba_f_0_62_6.png,88.64,14.18,7.39
Tsukuba_f_0_62_7.png,88.67,14.17,7.39
Tsukuba_f_0_62_8.png,88.7,14.18,7.39
Tsukuba_f_0_62_9.png,88.57,14.17,7.38
Tsukuba_f_0_63_0.png,88.6,14.17,7.38
Tsukuba_f_0_63_1.png,88.6,14.17,7.38
Tsukuba_f_0_63_10.png,88.75,14.39,7.6
Tsukuba_f_0_63_11.png,87.48,14.39,7.6
Tsukuba_f_0_63_12.png,86.42,13.63,6.85
Tsukuba_f_0_63_13.png,88.6,14.17,7.38
Tsukuba_f_0_63_14.png,88.6,14.17,7.38
Tsukuba_f_0_63_15.png,88.6,14.17,7.38
Tsukuba_f_0_63_16.png,88.6,14.17,7.38
Tsukuba_f_0_63_17.png,88.6,14.17,7.38
Tsukuba_f_0_63_18.png,88.6,14.17,7.38
Tsukuba_f_0_63_2.png,88.6,14.17,7.38
Tsukuba_f_0_63_3.png,88.6,14.17,7.38
Tsukuba_f_0_63_4.png,88.6,14.17,7.38
Tsukuba_f_0_63_5.png,88.6,14.17,7.38
Tsukuba_f_0_63_6.png,88.61,14.18,7.39
Tsukuba_f_0_63_7.png,88.62,14.18,7.39
Tsukuba_f_0_63_8.png,88.71,14.21,7.42
Tsukuba_f_0_63_9.png,88.67,14.25,7.46
Tsukuba_f_0_6_0.png,88.6,14.17,7.38
Tsukuba_f_0_6_1.png,88.6,14.17,7.38
Tsukuba_f_0_6_10.png,88.59,14.17,7.38
Tsukuba_f_0_6_11.png,88.59,14.17,7.38
Tsukuba_f_0_6_12.png,88.6,14.17,7.38
Tsukuba_f_0_6_13.png,88.78,14.2,7.41
Tsukuba_f_0_6_14.png,88.68,14.17,7.38
Tsukuba_f_0_6_15.png,88.99,14.22,7.43
Tsukuba_f_0_6_16.png,87.33,15.82,9.04
Tsukuba_f_0_6_17.png,83.25,12.64,5.85
Tsukuba_f_0_6_18.png,88.61,14.18,7.39
Tsukuba_f_0_6_2.png,88.6,14.17,7.38
Tsukuba_f_0_6_3.png,88.6,14.17,7.38
Tsukuba_f_0_6_4.png,88.6,14.17,7.38
Tsukuba_f_0_6_5.png,88.6,14.17,7.38
Tsukuba_f_0_6_6.png,88.59,14.17,7.38
Tsukuba_f_0_6_7.png,88.6,14.17,7.38
Tsukuba_f_0_6_8.png,88.6,14.17,7.38
Tsukuba_f_0_6_9.png,88.6,14.17,7.38
Tsukuba_f_0_7_0.png,88.6,14.17,7.38
Tsukuba_f_0_7_1.png,88.6,14.17,7.38
Tsukuba_f_0_7_10.png,88.59,14.17,7.38
Tsukuba_f_0_7_11.png,88.59,14.17,7.38
Tsukuba_f_0_7_12.png,88.6,14.17,7.38
Tsukuba_f_0_7_13.png,88.78,14.2,7.41
Tsukuba_f_0_7_14.png,88.68,14.17,7.38
Tsukuba_f_0_7_15.png,88.99,14.22,7.43
Tsukuba_f_0_7_16.png,87.33,15.82,9.04
Tsukuba_f_0_7_17.png,83.25,12.64,5.85
Tsukuba_f_0_7_18.png,88.61,14.18,7.39
Tsukuba_f_0_7_2.png,88.6,14.17,7.38
Tsukuba_f_0_7_3.png,88.6,14.17,7.38
Tsukuba_f_0_7_4.png,88.6,14.17,7.38
Tsukuba_f_0_7_5.png,88.6,14.17,7.38
Tsukuba_f_0_7_6.png,88.59,14.17,7.38
Tsukuba_f_0_7_7.png,88.59,14.17,7.38
Tsukuba_f_0_7_8.png,88.6,14.17,7.38
Tsukuba_f_0_7_9.png,88.59,14.17,7.38
Tsukuba_f_0_8_0.png,88.6,14.17,7.38
Tsukuba_f_0_8_1.png,88.6,14.17,7.38
Tsukuba_f_0_8_10.png,88.77,14.27,7.48
Tsukuba_f_0_8_11.png,87.21,13.76,6.97
Tsukuba_f_0_8_12.png,88.67,13.66,6.87
Tsukuba_f_0_8_13.png,88.6,14.17,7.38
Tsukuba_f_0_8_14.png,88.6,14.17,7.38
Tsukuba_f_0_8_15.png,88.6,14.18,7.39
Tsukuba_f_0_8_16.png,88.6,14.17,7.38
Tsukuba_f_0_8_17.png,88.6,14.17,7.38
Tsukuba_f_0_8_18.png,88.6,14.17,7.38
Tsukuba_f_0_8_2.png,88.6,14.17,7.38
Tsukuba_f_0_8_3.png,88.6,14.17,7.38
Tsukuba_f_0_8_4.png,88.6,14.17,7.38
Tsukuba_f_0_8_5.png,88.61,14.17,7.38
Tsukuba_f_0_8_6.png,88.63,14.18,7.39
Tsukuba_f_0_8_7.png,88.66,14.18,7.39
Tsukuba_f_0_8_8.png,88.75,14.21,7.42
Tsukuba_f_0_8_9.png,88.63,14.21,7.42
Tsukuba_f_0_9_0.png,88.6,14.17,7.38
Tsukuba_f_0_9_1.png,88.6,14.17,7.38
Tsukuba_f_0_9_10.png,88.59,14.17,7.38
Tsukuba_f_0_9_11.png,88.59,14.17,7.38
Tsukuba_f_0_9_12.png,88.6,14.17,7.38
Tsukuba_f_0_9_13.png,88.78,14.2,7.41
Tsukuba_f_0_9_14.png,88.68,14.17,7.38
Tsukuba_f_0_9_15.png,88.99,14.22,7.43
Tsukuba_f_0_9_16.png,87.33,15.82,9.04
Tsukuba_f_0_9_17.png,83.25,12.64,5.85
Tsukuba_f_0_9_18.png,88.62,14.18,7.39
Tsukuba_f_0_9_2.png,88.6,14.17,7.38
Tsukuba_f_0_9_3.png,88.6,14.17,7.38
Tsukuba_f_0_9_4.png,88.6,14.17,7.38
Tsukuba_f_0_9_5.png,88.6,14.17,7.38
Tsukuba_f_0_9_6.png,88.59,14.17,7.38
Tsukuba_f_0_9_7.png,88.59,14.17,7.38
Tsukuba_f_0_9_8.png,88.6,14.17,7.38
Tsukuba_f_0_9_9.png,88.59,14.17,7.38
Tsukuba_f_1_0_0.png,88.6,14.17,7.38
Tsukuba_f_1_0_1.png,88.6,14.17,7.38
Tsukuba_f_1_0_10.png,88.6,14.17,7.38
Tsukuba_f_1_0_11.png,88.6,14.17,7.38
Tsukuba_f_1_0_12.png,88.6,14.17,7.38
Tsukuba_f_1_0_13.png,88.6,14.17,7.38
Tsukuba_f_1_0_14.png,88.6,14.17,7.38
Tsukuba_f_1_0_15.png,88.6,14.17,7.38
Tsukuba_f_1_0_16.png,88.6,14.17,7.38
Tsukuba_f_1_0_17.png,88.6,14.17,7.38
Tsukuba_f_1_0_18.png,88.6,14.17,7.38
Tsukuba_f_1_0_2.png,88.6,14.17,7.38
Tsukuba_f_1_0_3.png,88.6,14.17,7.38
Tsukuba_f_1_0_4.png,88.6,14.17,7.38
Tsukuba_f_1_0_5.png,88.6,14.17,7.38
Tsukuba_f_1_0_6.png,88.6,14.17,7.38
Tsukuba_f_1_0_7.png,88.6,14.17,7.38
Tsukuba_f_1_0_8.png,88.6,14.17,7.38
Tsukuba_f_1_0_9.png,88.6,14.17,7.38
Tsukuba_f_1_10_0.png,88.6,14.17,7.38
Tsukuba_f_1_10_1.png,88.6,14.17,7.38
Tsukuba_f_1_10_10.png,88.59,14.17,7.38
Tsukuba_f_1_10_11.png,88.58,14.17,7.38
Tsukuba_f_1_10_12.png,88.6,14.17,7.38
Tsukuba_f_1_10_13.png,88.78,14.2,7.41
Tsukuba_f_1_10_14.png,88.68,14.17,7.38
Tsukuba_f_1_10_15.png,88.99,14.22,7.43
Tsukuba_f_1_10_16.png,87.33,15.82,9.04
Tsukuba_f_1_10_17.png,83.25,12.64,5.85
Tsukuba_f_1_10_18.png,88.62,14.18,7.39
Tsukuba_f_1_10_2.png,88.6,14.17,7.38
Tsukuba_f_1_10_3.png,88.6,14.17,7.38
Tsukuba_f_1_10_4.png,88.6,14.17,7.38
Tsukuba_f_1_10_5.png,88.6,14.17,7.38
Tsukuba_f_1_10_6.png,88.59,14.17,7.38
Tsukuba_f_1_10_7.png,88.59,14.17,7.38
Tsukuba_f_1_10_8.png,88.6,14.17,7.38
Tsukuba_f_1_10_9.png,88.59,14.17,7.38
Tsukuba_f_1_11_0.png,88.6,14.17,7.38
Tsukuba_f_1_11_1.png,88.6,14.17,7.38
Tsukuba_f_1_11_10.png,88.59,14.17,7.38
Tsukuba_f_1_11_11.png,88.58,14.17,7.38
Tsukuba_f_1_11_12.png,88.6,14.17,7.38
Tsukuba_f_1_11_13.png,88.78,14.2,7.41
Tsukuba_f_1_11_14.png,88.68,14.17,7.38
Tsukuba_f_1_11_15.png,88.99,14.22,7.43
Tsukuba_f_1_11_16.png,87.33,15.82,9.04
Tsukuba_f_1_11_17.png,83.25,12.64,5.85
Tsukuba_f_1_11_18.png,88.62,14.18,7.39
Tsukuba_f_1_11_2.png,88.6,14.17,7.38
Tsukuba_f_1_11_3.png,88.6,14.17,7.38
Tsukuba_f_1_11_4.png,88.6,14.17,7.38
Tsukuba_f_1_11_5.png,88.6,14.17,7.38
Tsukuba_f_1_11_6.png,88.59,14.17,7.38
Tsukuba_f_1_11_7.png,88.59,14.17,7.38
Tsukuba_f_1_11_8.png,88.6,14.17,7.38
Tsukuba_f_1_11_9.png,88.58,14.17,7.38
Tsukuba_f_1_12_0.png,88.6,14.17,7.38
Tsukuba_f_1_12_1.png,88.6,14.17,7.38
Tsukuba_f_1_12_10.png,88.59,14.17,7.38
Tsukuba_f_1_12_11.png,88.58,14.17,7.38
Tsukuba_f_1_12_12.png,88.6,14.17,7.38
Tsukuba_f_1_12_13.png,88.78,14.2,7.41
Tsukuba_f_1_12_14.png,88.68,14.17,7.38
Tsukuba_f_1_12_15.png,88.99,14.22,7.43
Tsukuba_f_1_12_16.png,87.33,15.82,9.04
Tsukuba_f_1_12_17.png,83.25,12.64,5.85
Tsukuba_f_1_12_18.png,88.62,14.18,7.39
Tsukuba_f_1_12_2.png,88.6,14.17,7.38
Tsukuba_f_1_12_3.png,88.6,14.17,7.38
Tsukuba_f_1_12_4.png,88.6,14.17,7.38
Tsukuba_f_1_12_5.png,88.6,14.17,7.38
Tsukuba_f_1_12_6.png,88.59,14.17,7.38
Tsukuba_f_1_12_7.png,88.59,14.17,7.38
Tsukuba_f_1_12_8.png,88.6,14.17,7.38
Tsukuba_f_1_12_9.png,88.58,14.17,7.38
Tsukuba_f_1_13_0.png,88.6,14.17,7.38
Tsukuba_f_1_13_1.png,88.6,14.17,7.38
Tsukuba_f_1_13_10.png,88.59,14.17,7.38
Tsukuba_f_1_13_11.png,88.58,14.17,7.38
Tsukuba_f_1_13_12.png,88.6,14.17,7.38
Tsukuba_f_1_13_13.png,88.78,14.2,7.41
Tsukuba_f_1_13_14.png,88.68,14.17,7.38
Tsukuba_f_1_13_15.png,88.99,14.22,7.43
Tsukuba_f_1_13_16.png,87.33,15.82,9.04
Tsukuba_f_1_13_17.png,83.25,12.64,5.85
Tsukuba_f_1_13_18.png,88.62,14.18,7.39
Tsukuba_f_1_13_2.png,88.6,14.17,7.38
Tsukuba_f_1_13_3.png,88.6,14.17,7.38
Tsukuba_f_1_13_4.png,88.6,14.17,7.38
Tsukuba_f_1_13_5.png,88.6,14.17,7.38
Tsukuba_f_1_13_6.png,88.59,14.17,7.38
Tsukuba_f_1_13_7.png,88.59,14.17,7.38
Tsukuba_f_1_13_8.png,88.6,14.17,7.38
Tsukuba_f_1_13_9.png,88.58,14.17,7.38
Tsukuba_f_1_14_0.png,88.6,14.17,7.38
Tsukuba_f_1_14_1.png,88.6,14.17,7.38
Tsukuba_f_1_14_10.png,88.59,14.17,7.38
Tsukuba_f_1_14_11.png,88.58,14.17,7.38
Tsukuba_f_1_14_12.png,88.6,14.17,7.38
Tsukuba_f_1_14_13.png,88.78,14.2,7.41
Tsukuba_f_1_14_14.png,88.68,14.17,7.38
Tsukuba_f_1_14_15.png,88.99,14.22,7.43
Tsukuba_f_1_14_16.png,87.33,15.82,9.04
Tsukuba_f_1_14_17.png,83.25,12.64,5.85
Tsukuba_f_1_14_18.png,88.62,14.18,7.39
Tsukuba_f_1_14_2.png,88.6,14.17,7.38
Tsukuba_f_1_14_3.png,88.6,14.17,7.38
Tsukuba_f_1_14_4.png,88.6,14.17,7.38
Tsukuba_f_1_14_5.png,88.6,14.17,7.38
Tsukuba_f_1_14_6.png,88.59,14.17,7.38
Tsukuba_f_1_14_7.png,88.59,14.17,7.38
Tsukuba_f_1_14_8.png,88.6,14.17,7.38
Tsukuba_f_1_14_9.png,88.58,14.17,7.38
Tsukuba_f_1_15_0.png,88.6,14.17,7.38
Tsukuba_f_1_15_1.png,88.6,14.17,7.38
Tsukuba_f_1_15_10.png,88.59,14.17,7.38
Tsukuba_f_1_15_11.png,88.58,14.17,7.38
Tsukuba_f_1_15_12.png,88.6,14.17,7.38
Tsukuba_f_1_15_13.png,88.78,14.2,7.41
Tsukuba_f_1_15_14.png,88.68,14.17,7.38
Tsukuba_f_1_15_15.png,88.99,14.22,7.43
Tsukuba_f_1_15_16.png,87.33,15.82,9.04
Tsukuba_f_1_15_17.png,83.25,12.64,5.85
Tsukuba_f_1_15_18.png,88.62,14.18,7.39
Tsukuba_f_1_15_2.png,88.6,14.17,7.38
Tsukuba_f_1_15_3.png,88.6,14.17,7.38
Tsukuba_f_1_15_4.png,88.6,14.17,7.38
Tsukuba_f_1_15_5.png,88.6,14.17,7.38
Tsukuba_f_1_15_6.png,88.59,14.17,7.38
Tsukuba_f_1_15_7.png,88.59,14.17,7.38
Tsukuba_f_1_15_8.png,88.6,14.17,7.38
Tsukuba_f_1_15_9.png,88.58,14.17,7.38
Tsukuba_f_1_16_0.png,88.6,14.17,7.38
Tsukuba_f_1_16_1.png,88.6,14.17,7.38
Tsukuba_f_1_16_10.png,88.59,14.17,7.38
Tsukuba_f_1_16_11.png,88.58,14.17,7.38
Tsukuba_f_1_16_12.png,88.6,14.17,7.38
Tsukuba_f_1_16_13.png,88.78,14.2,7.41
Tsukuba_f_1_16_14.png,88.68,14.17,7.38
Tsukuba_f_1_16_15.png,88.99,14.22,7.43
Tsukuba_f_1_16_16.png,87.33,15.82,9.04
Tsukuba_f_1_16_17.png,83.25,12.64,5.85
Tsukuba_f_1_16_18.png,88.62,14.18,7.39
Tsukuba_f_1_16_2.png,88.6,14.17,7.38
Tsukuba_f_1_16_3.png,88.6,14.17,7.38
Tsukuba_f_1_16_4.png,88.6,14.17,7.38
Tsukuba_f_1_16_5.png,88.6,14.17,7.38
Tsukuba_f_1_16_6.png,88.59,14.17,7.38
Tsukuba_f_1_16_7.png,88.59,14.17,7.38
Tsukuba_f_1_16_8.png,88.6,14.17,7.38
Tsukuba_f_1_16_9.png,88.58,14.17,7.38
Tsukuba_f_1_17_0.png,88.6,14.17,7.38
Tsukuba_f_1_17_1.png,88.6,14.17,7.38
Tsukuba_f_1_17_10.png,88.59,14.17,7.38
Tsukuba_f_1_17_11.png,88.58,14.17,7.38
Tsukuba_f_1_17_12.png,88.6,14.17,7.38
Tsukuba_f_1_17_13.png,88.78,14.2,7.41
Tsukuba_f_1_17_14.png,88.68,14.17,7.38
Tsukuba_f_1_17_15.png,88.99,14.22,7.43
Tsukuba_f_1_17_16.png,87.33,15.82,9.04
Tsukuba_f_1_17_17.png,83.25,12.64,5.85
Tsukuba_f_1_17_18.png,88.62,14.18,7.39
Tsukuba_f_1_17_2.png,88.6,14.17,7.38
Tsukuba_f_1_17_3.png,88.6,14.17,7.38
Tsukuba_f_1_17_4.png,88.6,14.17,7.38
Tsukuba_f_1_17_5.png,88.6,14.17,7.38
Tsukuba_f_1_17_6.png,88.59,14.17,7.38
Tsukuba_f_1_17_7.png,88.59,14.17,7.38
Tsukuba_f_1_17_8.png,88.6,14.17,7.38
Tsukuba_f_1_17_9.png,88.58,14.17,7.38
Tsukuba_f_1_18_0.png,88.6,14.17,7.38
Tsukuba_f_1_18_1.png,88.6,14.17,7.38
Tsukuba_f_1_18_10.png,88.59,14.17,7.38
Tsukuba_f_1_18_11.png,88.57,14.17,7.38
Tsukuba_f_1_18_12.png,88.6,14.17,7.38
Tsukuba_f_1_18_13.png,88.78,14.2,7.41
Tsukuba_f_1_18_14.png,88.68,14.17,7.38
Tsukuba_f_1_18_15.png,88.99,14.22,7.43
Tsukuba_f_1_18_16.png,87.33,15.82,9.04
Tsukuba_f_1_18_17.png,83.25,12.64,5.85
Tsukuba_f_1_18_18.png,88.63,14.18,7.39
Tsukuba_f_1_18_2.png,88.6,14.17,7.38
Tsukuba_f_1_18_3.png,88.6,14.17,7.38
Tsukuba_f_1_18_4.png,88.6,14.17,7.38
Tsukuba_f_1_18_5.png,88.6,14.17,7.38
Tsukuba_f_1_18_6.png,88.59,14.17,7.38
Tsukuba_f_1_18_7.png,88.59,14.17,7.38
Tsukuba_f_1_18_8.png,88.59,14.17,7.38
Tsukuba_f_1_18_9.png,88.58,14.17,7.38
Tsukuba_f_1_19_0.png,88.6,14.17,7.38
Tsukuba_f_1_19_1.png,88.6,14.17,7.38
Tsukuba_f_1_19_10.png,88.75,14.31,7.52
Tsukuba_f_1_19_11.png,87.01,13.91,7.12
Tsukuba_f_1_19_12.png,88.35,13.58,6.79
Tsukuba_f_1_19_13.png,88.6,14.17,7.38
Tsukuba_f_1_19_14.png,88.6,14.17,7.38
Tsukuba_f_1_19_15.png,88.6,14.17,7.39
Tsukuba_f_1_19_16.png,88.6,14.17,7.38
Tsukuba_f_1_19_17.png,88.6,14.17,7.38
Tsukuba_f_1_19_18.png,88.6,14.17,7.38
Tsukuba_f_1_19_2.png,88.6,14.17,7.38
Tsukuba_f_1_19_3.png,88.6,14.17,7.38
Tsukuba_f_1_19_4.png,88.6,14.17,7.38
Tsukuba_f_1_19_5.png,88.61,14.17,7.38
Tsukuba_f_1_19_6.png,88.62,14.18,7.39
Tsukuba_f_1_19_7.png,88.64,14.18,7.39
Tsukuba_f_1_19_8.png,88.74,14.21,7.42
Tsukuba_f_1_19_9.png,88.68,14.23,7.44
Tsukuba_f_1_1_0.png,88.6,14.17,7.38
Tsukuba_f_1_1_1.png,88.6,14.17,7.38
Tsukuba_f_1_1_10.png,88.67,14.19,7.4
Tsukuba_f_1_1_11.png,87.62,13.53,6.74
Tsukuba_f_1_1_12.png,88.4,14.07,7.28
Tsukuba_f_1_1_13.png,88.6,14.17,7.38
Tsukuba_f_1_1_14.png,88.6,14.17,7.38
Tsukuba_f_1_1_15.png,88.6,14.18,7.39
Tsukuba_f_1_1_16.png,88.59,14.25,7.46
Tsukuba_f_1_1_17.png,88.6,14.17,7.38
Tsukuba_f_1_1_18.png,88.6,14.17,7.38
Tsukuba_f_1_1_2.png,88.6,14.17,7.38
Tsukuba_f_1_1_3.png,88.6,14.17,7.38
Tsukuba_f_1_1_4.png,88.61,14.17,7.38
Tsukuba_f_1_1_5.png,88.61,14.17,7.38
Tsukuba_f_1_1_6.png,88.63,14.18,7.39
Tsukuba_f_1_1_7.png,88.67,14.18,7.39
Tsukuba_f_1_1_8.png,88.74,14.2,7.41
Tsukuba_f_1_1_9.png,88.6,14.18,7.39
Tsukuba_f_1_20_0.png,88.6,14.17,7.38
Tsukuba_f_1_20_1.png,88.6,14.17,7.38
Tsukuba_f_1_20_10.png,88.59,14.17,7.38
Tsukuba_f_1_20_11.png,88.57,14.17,7.38
Tsukuba_f_1_20_12.png,88.6,14.17,7.38
Tsukuba_f_1_20_13.png,88.78,14.2,7.41
Tsukuba_f_1_20_14.png,88.68,14.17,7.38
Tsukuba_f_1_20_15.png,88.99,14.22,7.43
Tsukuba_f_1_20_16.png,87.33,15.82,9.04
Tsukuba_f_1_20_17.png,83.25,12.64,5.85
Tsukuba_f_1_20_18.png,88.63,14.18,7.39
Tsukuba_f_1_20_2.png,88.6,14.17,7.38
Tsukuba_f_1_20_3.png,88.6,14.17,7.38
Tsukuba_f_1_20_4.png,88.6,14.17,7.38
Tsukuba_f_1_20_5.png,88.6,14.17,7.38
Tsukuba_f_1_20_6.png,88.59,14.17,7.38
Tsukuba_f_1_20_7.png,88.59,14.17,7.38
Tsukuba_f_1_20_8.png,88.59,14.17,7.38
Tsukuba_f_1_20_9.png,88.58,14.17,7.38
Tsukuba_f_1_21_0.png,88.6,14.17,7.38
Tsukuba_f_1_21_1.png,88.6,14.17,7.38
Tsukuba_f_1_21_10.png,88.59,14.17,7.38
Tsukuba_f_1_21_11.png,88.57,14.17,7.38
Tsukuba_f_1_21_12.png,88.6,14.17,7.38
Tsukuba_f_1_21_13.png,88.78,14.2,7.41
Tsukuba_f_1_21_14.png,88.68,14.17,7.38
Tsukuba_f_1_21_15.png,88.99,14.22,7.43
Tsukuba_f_1_21_16.png,87.33,15.82,9.04
Tsukuba_f_1_21_17.png,83.25,12.64,5.85
Tsukuba_f_1_21_18.png,88.63,14.18,7.39
Tsukuba_f_1_21_2.png,88.6,14.17,7.38
Tsukuba_f_1_21_3.png,88.6,14.17,7.38
Tsukuba_f_1_21_4.png,88.6,14.17,7.38
Tsukuba_f_1_21_5.png,88.6,14.17,7.38
Tsukuba_f_1_21_6.png,88.59,14.17,7.38
Tsukuba_f_1_21_7.png,88.59,14.17,7.38
Tsukuba_f_1_21_8.png,88.59,14.17,7.38
Tsukuba_f_1_21_9.png,88.58,14.17,7.38
Tsukuba_f_1_22_0.png,88.6,14.17,7.38
Tsukuba_f_1_22_1.png,88.6,14.17,7.38
Tsukuba_f_1_22_10.png,88.59,14.17,7.38
Tsukuba_f_1_22_11.png,88.57,14.17,7.38
Tsukuba_f_1_22_12.png,88.6,14.17,7.38
Tsukuba_f_1_22_13.png,88.78,14.2,7.41
Tsukuba_f_1_22_14.png,88.68,14.17,7.38
Tsukuba_f_1_22_15.png,88.99,14.22,7.43
Tsukuba_f_1_22_16.png,87.33,15.82,9.04
Tsukuba_f_1_22_17.png,83.25,12.64,5.85
Tsukuba_f_1_22_18.png,88.63,14.18,7.39
Tsukuba_f_1_22_2.png,88.6,14.17,7.38
Tsukuba_f_1_22_3.png,88.6,14.17,7.38
Tsukuba_f_1_22_4.png,88.6,14.17,7.38
Tsukuba_f_1_22_5.png,88.6,14.17,7.38
Tsukuba_f_1_22_6.png,88.59,14.17,7.38
Tsukuba_f_1_22_7.png,88.59,14.17,7.38
Tsukuba_f_1_22_8.png,88.59,14.17,7.38
Tsukuba_f_1_22_9.png,88.58,14.17,7.38
Tsukuba_f_1_23_0.png,88.6,14.17,7.38
Tsukuba_f_1_23_1.png,88.6,14.17,7.38
Tsukuba_f_1_23_10.png,88.59,14.17,7.38
Tsukuba_f_1_23_11.png,88.57,14.17,7.38
Tsukuba_f_1_23_12.png,88.6,14.17,7.38
Tsukuba_f_1_23_13.png,88.78,14.2,7.41
Tsukuba_f_1_23_14.png,88.68,14.17,7.38
Tsukuba_f_1_23_15.png,88.99,14.22,7.43
Tsukuba_f_1_23_16.png,87.33,15.82,9.04
Tsukuba_f_1_23_17.png,83.25,12.64,5.85
Tsukuba_f_1_23_18.png,88.63,14.18,7.39
Tsukuba_f_1_23_2.png,88.6,14.17,7.38
Tsukuba_f_1_23_3.png,88.6,14.17,7.38
Tsukuba_f_1_23_4.png,88.6,14.17,7.38
Tsukuba_f_1_23_5.png,88.6,14.17,7.38
Tsukuba_f_1_23_6.png,88.59,14.17,7.38
Tsukuba_f_1_23_7.png,88.59,14.17,7.38
Tsukuba_f_1_23_8.png,88.59,14.17,7.38
Tsukuba_f_1_23_9.png,88.58,14.17,7.38
Tsukuba_f_1_24_0.png,88.6,14.17,7.38
Tsukuba_f_1_24_1.png,88.6,14.17,7.38
Tsukuba_f_1_24_10.png,88.59,14.17,7.38
Tsukuba_f_1_24_11.png,88.58,14.17,7.38
Tsukuba_f_1_24_12.png,88.6,14.17,7.38
Tsukuba_f_1_24_13.png,88.78,14.2,7.41
Tsukuba_f_1_24_14.png,88.68,14.17,7.38
Tsukuba_f_1_24_15.png,88.99,14.22,7.43
Tsukuba_f_1_24_16.png,87.33,15.82,9.04
Tsukuba_f_1_24_17.png,83.25,12.64,5.85
Tsukuba_f_1_24_18.png,88.62,14.18,7.39
Tsukuba_f_1_24_2.png,88.6,14.17,7.38
Tsukuba_f_1_24_3.png,88.6,14.17,7.38
Tsukuba_f_1_24_4.png,88.6,14.17,7.38
Tsukuba_f_1_24_5.png,88.6,14.17,7.38
Tsukuba_f_1_24_6.png,88.59,14.17,7.38
Tsukuba_f_1_24_7.png,88.59,14.17,7.38
Tsukuba_f_1_24_8.png,88.59,14.17,7.38
Tsukuba_f_1_24_9.png,88.58,14.17,7.38
Tsukuba_f_1_25_0.png,88.6,14.17,7.38
Tsukuba_f_1_25_1.png,88.6,14.17,7.38
Tsukuba_f_1_25_10.png,88.59,14.17,7.38
Tsukuba_f_1_25_11.png,88.58,14.17,7.38
Tsukuba_f_1_25_12.png,88.6,14.17,7.38
Tsukuba_f_1_25_13.png,88.78,14.2,7.41
Tsukuba_f_1_25_14.png,88.68,14.17,7.38
Tsukuba_f_1_25_15.png,88.99,14.22,7.43
Tsukuba_f_1_25_16.png,87.33,15.82,9.04
Tsukuba_f_1_25_17.png,83.25,12.64,5.85
Tsukuba_f_1_25_18.png,88.62,14.18,7.39
Tsukuba_f_1_25_2.png,88.6,14.17,7.38
Tsukuba_f_1_25_3.png,88.6,14.17,7.38
Tsukuba_f_1_25_4.png,88.6,14.17,7.38
Tsukuba_f_1_25_5.png,88.6,14.17,7.38
Tsukuba_f_1_25_6.png,88.59,14.17,7.38
Tsukuba_f_1_25_7.png,88.59,14.17,7.38
Tsukuba_f_1_25_8.png,88.59,14.17,7.38
Tsukuba_f_1_25_9.png,88.58,14.17,7.38
Tsukuba_f_1_26_0.png,88.6,14.17,7.38
Tsukuba_f_1_26_1.png,88.6,14.17,7.38
Tsukuba_f_1_26_10.png,88.59,14.17,7.38
Tsukuba_f_1_26_11.png,88.57,14.17,7.38
Tsukuba_f_1_26_12.png,88.6,14.17,7.38
Tsukuba_f_1_26_13.png,88.78,14.2,7.41
Tsukuba_f_1_26_14.png,88.68,14.17,7.38
Tsukuba_f_1_26_15.png,88.99,14.22,7.43
Tsukuba_f_1_26_16.png,87.33,15.82,9.04
Tsukuba_f_1_26_17.png,83.25,12.64,5.85
Tsukuba_f_1_26_18.png,88.63,14.18,7.39
Tsukuba_f_1_26_2.png,88.6,14.17,7.38
Tsukuba_f_1_26_3.png,88.6,14.17,7.38
Tsukuba_f_1_26_4.png,88.6,14.17,7.38
Tsukuba_f_1_26_5.png,88.6,14.17,7.38
Tsukuba_f_1_26_6.png,88.59,14.17,7.38
Tsukuba_f_1_26_7.png,88.59,14.17,7.38
Tsukuba_f_1_26_8.png,88.59,14.17,7.38
Tsukuba_f_1_26_9.png,88.58,14.17,7.38
Tsukuba_f_1_27_0.png,88.6,14.17,7.38
Tsukuba_f_1_27_1.png,88.6,14.17,7.38
Tsukuba_f_1_27_10.png,88.59,14.17,7.38
Tsukuba_f_1_27_11.png,88.57,14.17,7.38
Tsukuba_f_1_27_12.png,88.6,14.17,7.38
Tsukuba_f_1_27_13.png,88.78,14.2,7.41
Tsukuba_f_1_27_14.png,88.68,14.17,7.38
Tsukuba_f_1_27_15.png,88.99,14.22,7.43
Tsukuba_f_1_27_16.png,87.33,15.83,9.04
Tsukuba_f_1_27_17.png,83.25,12.64,5.85
Tsukuba_f_1_27_18.png,88.63,14.18,7.39
Tsukuba_f_1_27_2.png,88.6,14.17,7.38
Tsukuba_f_1_27_3.png,88.6,14.17,7.38
Tsukuba_f_1_27_4.png,88.6,14.17,7.38
Tsukuba_f_1_27_5.png,88.59,14.17,7.38
Tsukuba_f_1_27_6.png,88.59,14.17,7.38
Tsukuba_f_1_27_7.png,88.59,14.17,7.38
Tsukuba_f_1_27_8.png,88.59,14.17,7.38
Tsukuba_f_1_27_9.png,88.58,14.17,7.38
Tsukuba_f_1_28_0.png,88.6,14.17,7.38
Tsukuba_f_1_28_1.png,88.6,14.17,7.38
Tsukuba_f_1_28_10.png,88.59,14.17,7.38
Tsukuba_f_1_28_11.png,88.57,14.17,7.38
Tsukuba_f_1_28_12.png,88.6,14.17,7.38
Tsukuba_f_1_28_13.png,88.78,14.2,7.41
Tsukuba_f_1_28_14.png,88.68,14.17,7.38
Tsukuba_f_1_28_15.png,88.99,14.22,7.43
Tsukuba_f_1_28_16.png,87.33,15.83,9.04
Tsukuba_f_1_28_17.png,83.25,12.64,5.85
Tsukuba_f_1_28_18.png,88.63,14.18,7.39
Tsukuba_f_1_28_2.png,88.6,14.17,7.38
Tsukuba_f_1_28_3.png,88.6,14.17,7.38
Tsukuba_f_1_28_4.png,88.6,14.17,7.38
Tsukuba_f_1_28_5.png,88.59,14.17,7.38
Tsukuba_f_1_28_6.png,88.59,14.17,7.38
Tsukuba_f_1_28_7.png,88.59,14.17,7.38
Tsukuba_f_1_28_8.png,88.59,14.17,7.38
Tsukuba_f_1_28_9.png,88.58,14.17,7.38
Tsukuba_f_1_29_0.png,88.6,14.17,7.38
Tsukuba_f_1_29_1.png,88.6,14.17,7.38
Tsukuba_f_1_29_10.png,88.59,14.17,7.38
Tsukuba_f_1_29_11.png,88.57,14.17,7.38
Tsukuba_f_1_29_12.png,88.6,14.17,7.38
Tsukuba_f_1_29_13.png,88.78,14.2,7.41
Tsukuba_f_1_29_14.png,88.68,14.17,7.38
Tsukuba_f_1_29_15.png,88.99,14.22,7.43
Tsukuba_f_1_29_16.png,87.33,15.83,9.04
Tsukuba_f_1_29_17.png,83.25,12.64,5.85
Tsukuba_f_1_29_18.png,88.63,14.18,7.39
Tsukuba_f_1_29_2.png,88.6,14.17,7.38
Tsukuba_f_1_29_3.png,88.6,14.17,7.38
Tsukuba_f_1_29_4.png,88.6,14.17,7.38
Tsukuba_f_1_29_5.png,88.59,14.17,7.38
Tsukuba_f_1_29_6.png,88.59,14.17,7.38
Tsukuba_f_1_29_7.png,88.59,14.17,7.38
Tsukuba_f_1_29_8.png,88.59,14.17,7.38
Tsukuba_f_1_29_9.png,88.58,14.17,7.38
Tsukuba_f_1_2_0.png,88.6,14.17,7.38
Tsukuba_f_1_2_1.png,88.6,14.17,7.38
Tsukuba_f_1_2_10.png,88.68,14.2,7.41
Tsukuba_f_1_2_11.png,87.79,13.63,6.84
Tsukuba_f_1_2_12.png,88.15,14.02,7.23
Tsukuba_f_1_2_13.png,88.6,14.17,7.38
Tsukuba_f_1_2_14.png,88.6,14.17,7.38
Tsukuba_f_1_2_15.png,88.6,14.18,7.39
Tsukuba_f_1_2_16.png,88.59,14.19,7.4
Tsukuba_f_1_2_17.png,88.6,14.17,7.38
Tsukuba_f_1_2_18.png,88.6,14.17,7.38
Tsukuba_f_1_2_2.png,88.6,14.17,7.38
Tsukuba_f_1_2_3.png,88.6,14.17,7.38
Tsukuba_f_1_2_4.png,88.61,14.17,7.38
Tsukuba_f_1_2_5.png,88.61,14.17,7.38
Tsukuba_f_1_2_6.png,88.63,14.18,7.39
Tsukuba_f_1_2_7.png,88.67,14.18,7.39
Tsukuba_f_1_2_8.png,88.74,14.2,7.41
Tsukuba_f_1_2_9.png,88.61,14.18,7.4
Tsukuba_f_1_30_0.png,88.6,14.17,7.38
Tsukuba_f_1_30_1.png,88.6,14.17,7.38
Tsukuba_f_1_30_10.png,88.76,14.32,7.53
Tsukuba_f_1_30_11.png,87.29,13.99,7.2
Tsukuba_f_1_30_12.png,88.14,13.54,6.75
Tsukuba_f_1_30_13.png,88.6,14.17,7.38
Tsukuba_f_1_30_14.png,88.6,14.17,7.38
Tsukuba_f_1_30_15.png,88.6,14.17,7.39
Tsukuba_f_1_30_16.png,88.6,14.17,7.38
Tsukuba_f_1_30_17.png,88.6,14.17,7.38
Tsukuba_f_1_30_18.png,88.6,14.17,7.38
Tsukuba_f_1_30_2.png,88.6,14.17,7.38
Tsukuba_f_1_30_3.png,88.6,14.17,7.38
Tsukuba_f_1_30_4.png,88.6,14.17,7.38
Tsukuba_f_1_30_5.png,88.61,14.17,7.38
Tsukuba_f_1_30_6.png,88.62,14.18,7.39
Tsukuba_f_1_30_7.png,88.64,14.18,7.39
Tsukuba_f_1_30_8.png,88.74,14.21,7.42
Tsukuba_f_1_30_9.png,88.68,14.23,7.44
Tsukuba_f_1_31_0.png,88.6,14.17,7.38
Tsukuba_f_1_31_1.png,88.6,14.17,7.38
Tsukuba_f_1_31_10.png,88.59,14.17,7.38
Tsukuba_f_1_31_11.png,88.57,14.17,7.38
Tsukuba_f_1_31_12.png,88.6,14.17,7.38
Tsukuba_f_1_31_13.png,88.78,14.2,7.41
Tsukuba_f_1_31_14.png,88.68,14.17,7.38
Tsukuba_f_1_31_15.png,88.99,14.22,7.43
Tsukuba_f_1_31_16.png,87.33,15.83,9.04
Tsukuba_f_1_31_17.png,83.25,12.64,5.85
Tsukuba_f_1_31_18.png,88.63,14.18,7.39
Tsukuba_f_1_31_2.png,88.6,14.17,7.38
Tsukuba_f_1_31_3.png,88.6,14.17,7.38
Tsukuba_f_1_31_4.png,88.6,14.17,7.38
Tsukuba_f_1_31_5.png,88.59,14.17,7.38
Tsukuba_f_1_31_6.png,88.59,14.17,7.38
Tsukuba_f_1_31_7.png,88.59,14.17,7.38
Tsukuba_f_1_31_8.png,88.59,14.17,7.38
Tsukuba_f_1_31_9.png,88.58,14.17,7.38
Tsukuba_f_1_32_0.png,88.6,14.17,7.38
Tsukuba_f_1_32_1.png,88.6,14.17,7.38
Tsukuba_f_1_32_10.png,88.59,14.17,7.38
Tsukuba_f_1_32_11.png,88.57,14.17,7.38
Tsukuba_f_1_32_12.png,88.6,14.17,7.38
Tsukuba_f_1_32_13.png,88.78,14.2,7.41
Tsukuba_f_1_32_14.png,88.68,14.17,7.38
Tsukuba_f_1_32_15.png,88.99,14.22,7.43
Tsukuba_f_1_32_16.png,87.33,15.83,9.04
Tsukuba_f_1_32_17.png,83.25,12.64,5.85
Tsukuba_f_1_32_18.png,88.63,14.18,7.39
Tsukuba_f_1_32_2.png,88.6,14.17,7.38
Tsukuba_f_1_32_3.png,88.6,14.17,7.38
Tsukuba_f_1_32_4.png,88.6,14.17,7.38
Tsukuba_f_1_32_5.png,88.59,14.17,7.38
Tsukuba_f_1_32_6.png,88.59,14.17,7.38
Tsukuba_f_1_32_7.png,88.59,14.17,7.38
Tsukuba_f_1_32_8.png,88.59,14.17,7.38
Tsukuba_f_1_32_9.png,88.58,14.17,7.38
Tsukuba_f_1_33_0.png,88.6,14.17,7.38
Tsukuba_f_1_33_1.png,88.6,14.17,7.38
Tsukuba_f_1_33_10.png,88.59,14.17,7.38
Tsukuba_f_1_33_11.png,88.56,14.17,7.38
Tsukuba_f_1_33_12.png,88.6,14.17,7.38
Tsukuba_f_1_33_13.png,88.78,14.2,7.41
Tsukuba_f_1_33_14.png,88.68,14.17,7.38
Tsukuba_f_1_33_15.png,88.99,14.22,7.43
Tsukuba_f_1_33_16.png,87.33,15.83,9.04
Tsukuba_f_1_33_17.png,83.25,12.64,5.85
Tsukuba_f_1_33_18.png,88.63,14.18,7.39
Tsukuba_f_1_33_2.png,88.6,14.17,7.38
Tsukuba_f_1_33_3.png,88.6,14.17,7.38
Tsukuba_f_1_33_4.png,88.6,14.17,7.38
Tsukuba_f_1_33_5.png,88.59,14.17,7.38
Tsukuba_f_1_33_6.png,88.59,14.17,7.38
Tsukuba_f_1_33_7.png,88.58,14.17,7.38
Tsukuba_f_1_33_8.png,88.58,14.17,7.38
Tsukuba_f_1_33_9.png,88.58,14.17,7.38
Tsukuba_f_1_34_0.png,88.6,14.17,7.38
Tsukuba_f_1_34_1.png,88.6,14.17,7.38
Tsukuba_f_1_34_10.png,88.59,14.17,7.38
Tsukuba_f_1_34_11.png,88.56,14.17,7.38
Tsukuba_f_1_34_12.png,88.6,14.17,7.38
Tsukuba_f_1_34_13.png,88.78,14.2,7.41
Tsukuba_f_1_34_14.png,88.68,14.17,7.38
Tsukuba_f_1_34_15.png,88.99,14.22,7.43
Tsukuba_f_1_34_16.png,87.33,15.83,9.04
Tsukuba_f_1_34_17.png,83.25,12.64,5.85
Tsukuba_f_1_34_18.png,88.63,14.18,7.39
Tsukuba_f_1_34_2.png,88.6,14.17,7.38
Tsukuba_f_1_34_3.png,88.6,14.17,7.38
Tsukuba_f_1_34_4.png,88.6,14.17,7.38
Tsukuba_f_1_34_5.png,88.59,14.17,7.38
Tsukuba_f_1_34_6.png,88.59,14.17,7.38
Tsukuba_f_1_34_7.png,88.58,14.17,7.38
Tsukuba_f_1_34_8.png,88.58,14.17,7.38
Tsukuba_f_1_34_9.png,88.58,14.17,7.38
Tsukuba_f_1_35_0.png,88.6,14.17,7.38
Tsukuba_f_1_35_1.png,88.6,14.17,7.38
Tsukuba_f_1_35_10.png,88.59,14.17,7.38
Tsukuba_f_1_35_11.png,88.56,14.17,7.38
Tsukuba_f_1_35_12.png,88.6,14.17,7.38
Tsukuba_f_1_35_13.png,88.78,14.2,7.41
Tsukuba_f_1_35_14.png,88.68,14.17,7.38
Tsukuba_f_1_35_15.png,88.99,14.22,7.43
Tsukuba_f_1_35_16.png,87.33,15.83,9.04
Tsukuba_f_1_35_17.png,83.25,12.64,5.85
Tsukuba_f_1_35_18.png,88.63,14.18,7.39
Tsukuba_f_1_35_2.png,88.6,14.17,7.38
Tsukuba_f_1_35_3.png,88.6,14.17,7.38
Tsukuba_f_1_35_4.png,88.6,14.17,7.38
Tsukuba_f_1_35_5.png,88.59,14.17,7.38
Tsukuba_f_1_35_6.png,88.58,14.17,7.38
Tsukuba_f_1_35_7.png,88.58,14.17,7.38
Tsukuba_f_1_35_8.png,88.58,14.17,7.38
Tsukuba_f_1_35_9.png,88.58,14.17,7.38
Tsukuba_f_1_36_0.png,88.6,14.17,7.38
Tsukuba_f_1_36_1.png,88.6,14.17,7.38
Tsukuba_f_1_36_10.png,88.59,14.17,7.38
Tsukuba_f_1_36_11.png,88.56,14.17,7.38
Tsukuba_f_1_36_12.png,88.6,14.17,7.38
Tsukuba_f_1_36_13.png,88.78,14.2,7.41
Tsukuba_f_1_36_14.png,88.68,14.17,7.38
Tsukuba_f_1_36_15.png,88.99,14.22,7.43
Tsukuba_f_1_36_16.png,87.33,15.83,9.04
Tsukuba_f_1_36_17.png,83.25,12.64,5.85
Tsukuba_f_1_36_18.png,88.63,14.18,7.39
Tsukuba_f_1_36_2.png,88.6,14.17,7.38
Tsukuba_f_1_36_3.png,88.6,14.17,7.38
Tsukuba_f_1_36_4.png,88.6,14.17,7.38
Tsukuba_f_1_36_5.png,88.59,14.17,7.38
Tsukuba_f_1_36_6.png,88.59,14.17,7.38
Tsukuba_f_1_36_7.png,88.58,14.17,7.38
Tsukuba_f_1_36_8.png,88.58,14.17,7.38
Tsukuba_f_1_36_9.png,88.58,14.17,7.38
Tsukuba_f_1_37_0.png,88.6,14.17,7.38
Tsukuba_f_1_37_1.png,88.6,14.17,7.38
Tsukuba_f_1_37_10.png,88.59,14.17,7.38
Tsukuba_f_1_37_11.png,88.55,14.16,7.37
Tsukuba_f_1_37_12.png,88.6,14.17,7.38
Tsukuba_f_1_37_13.png,88.78,14.2,7.41
Tsukuba_f_1_37_14.png,88.69,14.17,7.38
Tsukuba_f_1_37_15.png,88.99,14.22,7.43
Tsukuba_f_1_37_16.png,87.33,15.83,9.04
Tsukuba_f_1_37_17.png,83.25,12.64,5.85
Tsukuba_f_1_37_18.png,88.62,14.18,7.39
Tsukuba_f_1_37_2.png,88.6,14.17,7.38
Tsukuba_f_1_37_3.png,88.6,14.17,7.38
Tsukuba_f_1_37_4.png,88.6,14.17,7.38
Tsukuba_f_1_37_5.png,88.59,14.17,7.38
Tsukuba_f_1_37_6.png,88.59,14.17,7.38
Tsukuba_f_1_37_7.png,88.58,14.17,7.38
Tsukuba_f_1_37_8.png,88.58,14.17,7.38
Tsukuba_f_1_37_9.png,88.58,14.17,7.38
Tsukuba_f_1_38_0.png,88.6,14.17,7.38
Tsukuba_f_1_38_1.png,88.6,14.17,7.38
Tsukuba_f_1_38_10.png,88.59,14.17,7.38
Tsukuba_f_1_38_11.png,88.55,14.16,7.37
Tsukuba_f_1_38_12.png,88.6,14.17,7.38
Tsukuba_f_1_38_13.png,88.78,14.2,7.41
Tsukuba_f_1_38_14.png,88.69,14.17,7.38
Tsukuba_f_1_38_15.png,88.99,14.22,7.43
Tsukuba_f_1_38_16.png,87.33,15.83,9.04
Tsukuba_f_1_38_17.png,83.25,12.64,5.85
Tsukuba_f_1_38_18.png,88.62,14.18,7.39
Tsukuba_f_1_38_2.png,88.6,14.17,7.38
Tsukuba_f_1_38_3.png,88.6,14.17,7.38
Tsukuba_f_1_38_4.png,88.6,14.17,7.38
Tsukuba_f_1_38_5.png,88.59,14.17,7.38
Tsukuba_f_1_38_6.png,88.59,14.17,7.38
Tsukuba_f_1_38_7.png,88.58,14.17,7.38
Tsukuba_f_1_38_8.png,88.58,14.17,7.38
Tsukuba_f_1_38_9.png,88.58,14.17,7.38
Tsukuba_f_1_39_0.png,88.6,14.17,7.38
Tsukuba_f_1_39_1.png,88.6,14.17,7.38
Tsukuba_f_1_39_10.png,88.59,14.17,7.38
Tsukuba_f_1_39_11.png,88.53,14.16,7.37
Tsukuba_f_1_39_12.png,88.6,14.17,7.38
Tsukuba_f_1_39_13.png,88.78,14.2,7.41
Tsukuba_f_1_39_14.png,88.69,14.17,7.38
Tsukuba_f_1_39_15.png,88.99,14.22,7.43
Tsukuba_f_1_39_16.png,87.33,15.83,9.04
Tsukuba_f_1_39_17.png,83.25,12.64,5.85
Tsukuba_f_1_39_18.png,88.6,14.17,7.38
Tsukuba_f_1_39_2.png,88.6,14.17,7.38
Tsukuba_f_1_39_3.png,88.6,14.17,7.38
Tsukuba_f_1_39_4.png,88.6,14.17,7.38
Tsukuba_f_1_39_5.png,88.59,14.17,7.38
Tsukuba_f_1_39_6.png,88.58,14.17,7.38
Tsukuba_f_1_39_7.png,88.57,14.17,7.38
Tsukuba_f_1_39_8.png,88.58,14.17,7.38
Tsukuba_f_1_39_9.png,88.58,14.17,7.38
Tsukuba_f_1_3_0.png,88.6,14.17,7.38
Tsukuba_f_1_3_1.png,88.6,14.17,7.38
Tsukuba_f_1_3_10.png,88.77,14.26,7.47
Tsukuba_f_1_3_11.png,87.5,13.76,6.97
Tsukuba_f_1_3_12.png,87.87,13.95,7.16
Tsukuba_f_1_3_13.png,88.6,14.17,7.38
Tsukuba_f_1_3_14.png,88.6,14.17,7.38
Tsukuba_f_1_3_15.png,88.6,14.18,7.39
Tsukuba_f_1_3_16.png,88.6,14.17,7.38
Tsukuba_f_1_3_17.png,88.6,14.17,7.38
Tsukuba_f_1_3_18.png,88.6,14.17,7.38
Tsukuba_f_1_3_2.png,88.6,14.17,7.38
Tsukuba_f_1_3_3.png,88.6,14.17,7.38
Tsukuba_f_1_3_4.png,88.6,14.17,7.38
Tsukuba_f_1_3_5.png,88.61,14.17,7.38
Tsukuba_f_1_3_6.png,88.63,14.18,7.39
Tsukuba_f_1_3_7.png,88.66,14.18,7.4
Tsukuba_f_1_3_8.png,88.75,14.21,7.42
Tsukuba_f_1_3_9.png,88.63,14.21,7.42
Tsukuba_f_1_40_0.png,88.6,14.17,7.38
Tsukuba_f_1_40_1.png,88.6,14.17,7.38
Tsukuba_f_1_40_10.png,88.59,14.17,7.38
Tsukuba_f_1_40_11.png,88.53,14.16,7.37
Tsukuba_f_1_40_12.png,88.6,14.17,7.38
Tsukuba_f_1_40_13.png,88.78,14.2,7.41
Tsukuba_f_1_40_14.png,88.69,14.17,7.38
Tsukuba_f_1_40_15.png,88.99,14.22,7.43
Tsukuba_f_1_40_16.png,87.33,15.83,9.04
Tsukuba_f_1_40_17.png,83.25,12.64,5.85
Tsukuba_f_1_40_18.png,88.6,14.17,7.38
Tsukuba_f_1_40_2.png,88.6,14.17,7.38
Tsukuba_f_1_40_3.png,88.6,14.17,7.38
Tsukuba_f_1_40_4.png,88.6,14.17,7.38
Tsukuba_f_1_40_5.png,88.59,14.17,7.38
Tsukuba_f_1_40_6.png,88.58,14.17,7.38
Tsukuba_f_1_40_7.png,88.57,14.17,7.38
Tsukuba_f_1_40_8.png,88.58,14.17,7.38
Tsukuba_f_1_40_9.png,88.58,14.17,7.38
Tsukuba_f_1_41_0.png,88.6,14.17,7.38
Tsukuba_f_1_41_1.png,88.6,14.17,7.38
Tsukuba_f_1_41_10.png,88.79,14.42,7.63
Tsukuba_f_1_41_11.png,87.26,14.24,7.45
Tsukuba_f_1_41_12.png,86.97,13.72,6.93
Tsukuba_f_1_41_13.png,88.6,14.17,7.38
Tsukuba_f_1_41_14.png,88.6,14.17,7.38
Tsukuba_f_1_41_15.png,88.6,14.17,7.38
Tsukuba_f_1_41_16.png,88.6,14.17,7.38
Tsukuba_f_1_41_17.png,88.6,14.17,7.38
Tsukuba_f_1_41_18.png,88.6,14.17,7.38
Tsukuba_f_1_41_2.png,88.6,14.17,7.38
Tsukuba_f_1_41_3.png,88.6,14.17,7.38
Tsukuba_f_1_41_4.png,88.6,14.17,7.38
Tsukuba_f_1_41_5.png,88.6,14.17,7.38
Tsukuba_f_1_41_6.png,88.62,14.18,7.39
Tsukuba_f_1_41_7.png,88.64,14.19,7.4
Tsukuba_f_1_41_8.png,88.71,14.22,7.43
Tsukuba_f_1_41_9.png,88.67,14.26,7.47
Tsukuba_f_1_42_0.png,88.6,14.17,7.38
Tsukuba_f_1_42_1.png,88.6,14.17,7.38
Tsukuba_f_1_42_10.png,88.59,14.17,7.38
Tsukuba_f_1_42_11.png,88.54,14.17,7.38
Tsukuba_f_1_42_12.png,88.6,14.17,7.38
Tsukuba_f_1_42_13.png,88.78,14.2,7.41
Tsukuba_f_1_42_14.png,88.69,14.17,7.38
Tsukuba_f_1_42_15.png,88.99,14.22,7.43
Tsukuba_f_1_42_16.png,87.29,15.8,9.01
Tsukuba_f_1_42_17.png,83.1,12.61,5.82
Tsukuba_f_1_42_18.png,88.6,14.17,7.38
Tsukuba_f_1_42_2.png,88.6,14.17,7.38
Tsukuba_f_1_42_3.png,88.6,14.17,7.38
Tsukuba_f_1_42_4.png,88.6,14.17,7.38
Tsukuba_f_1_42_5.png,88.59,14.17,7.38
Tsukuba_f_1_42_6.png,88.58,14.17,7.38
Tsukuba_f_1_42_7.png,88.58,14.17,7.38
Tsukuba_f_1_42_8.png,88.58,14.17,7.38
Tsukuba_f_1_42_9.png,88.59,14.18,7.39
Tsukuba_f_1_43_0.png,88.6,14.17,7.38
Tsukuba_f_1_43_1.png,88.6,14.17,7.38
Tsukuba_f_1_43_10.png,88.6,14.17,7.38
Tsukuba_f_1_43_11.png,88.53,14.17,7.38
Tsukuba_f_1_43_12.png,88.6,14.17,7.38
Tsukuba_f_1_43_13.png,88.76,14.19,7.4
Tsukuba_f_1_43_14.png,88.69,14.17,7.38
Tsukuba_f_1_43_15.png,88.94,14.21,7.42
Tsukuba_f_1_43_16.png,87.37,15.83,9.04
Tsukuba_f_1_43_17.png,83.22,12.64,5.85
Tsukuba_f_1_43_18.png,88.6,14.17,7.38
Tsukuba_f_1_43_2.png,88.59,14.17,7.38
Tsukuba_f_1_43_3.png,88.59,14.17,7.38
Tsukuba_f_1_43_4.png,88.6,14.17,7.38
Tsukuba_f_1_43_5.png,88.59,14.17,7.38
Tsukuba_f_1_43_6.png,88.58,14.17,7.38
Tsukuba_f_1_43_7.png,88.58,14.17,7.38
Tsukuba_f_1_43_8.png,88.58,14.17,7.38
Tsukuba_f_1_43_9.png,88.58,14.17,7.39
Tsukuba_f_1_44_0.png,88.6,14.17,7.38
Tsukuba_f_1_44_1.png,88.6,14.17,7.38
Tsukuba_f_1_44_10.png,88.52,14.15,7.36
Tsukuba_f_1_44_11.png,88.73,14.23,7.44
Tsukuba_f_1_44_12.png,88.6,14.17,7.38
Tsukuba_f_1_44_13.png,88.76,14.19,7.4
Tsukuba_f_1_44_14.png,88.69,14.17,7.38
Tsukuba_f_1_44_15.png,88.92,14.2,7.41
Tsukuba_f_1_44_16.png,87.28,16.18,9.39
Tsukuba_f_1_44_17.png,83.3,12.85,6.06
Tsukuba_f_1_44_18.png,88.6,14.17,7.38
Tsukuba_f_1_44_2.png,88.59,14.17,7.38
Tsukuba_f_1_44_3.png,88.59,14.17,7.38
Tsukuba_f_1_44_4.png,88.59,14.17,7.38
Tsukuba_f_1_44_5.png,88.58,14.17,7.38
Tsukuba_f_1_44_6.png,88.56,14.17,7.38
Tsukuba_f_1_44_7.png,88.55,14.16,7.37
Tsukuba_f_1_44_8.png,88.56,14.17,7.38
Tsukuba_f_1_44_9.png,88.58,14.18,7.39
Tsukuba_f_1_45_0.png,88.6,14.17,7.38
Tsukuba_f_1_45_1.png,88.6,14.17,7.38
Tsukuba_f_1_45_10.png,88.53,14.15,7.36
Tsukuba_f_1_45_11.png,88.76,14.24,7.45
Tsukuba_f_1_45_12.png,88.6,14.17,7.38
Tsukuba_f_1_45_13.png,88.76,14.19,7.4
Tsukuba_f_1_45_14.png,88.69,14.17,7.38
Tsukuba_f_1_45_15.png,88.92,14.2,7.41
Tsukuba_f_1_45_16.png,87.23,16.16,9.38
Tsukuba_f_1_45_17.png,83.25,12.84,6.05
Tsukuba_f_1_45_18.png,88.6,14.17,7.38
Tsukuba_f_1_45_2.png,88.59,14.17,7.38
Tsukuba_f_1_45_3.png,88.59,14.17,7.38
Tsukuba_f_1_45_4.png,88.59,14.17,7.38
Tsukuba_f_1_45_5.png,88.58,14.17,7.38
Tsukuba_f_1_45_6.png,88.57,14.17,7.38
Tsukuba_f_1_45_7.png,88.55,14.16,7.37
Tsukuba_f_1_45_8.png,88.56,14.17,7.38
Tsukuba_f_1_45_9.png,88.57,14.18,7.39
Tsukuba_f_1_46_0.png,88.6,14.17,7.38
Tsukuba_f_1_46_1.png,88.6,14.17,7.38
Tsukuba_f_1_46_10.png,88.51,14.14,7.35
Tsukuba_f_1_46_11.png,88.65,14.2,7.41
Tsukuba_f_1_46_12.png,88.6,14.17,7.38
Tsukuba_f_1_46_13.png,88.76,14.19,7.4
Tsukuba_f_1_46_14.png,88.69,14.17,7.38
Tsukuba_f_1_46_15.png,88.92,14.2,7.41
Tsukuba_f_1_46_16.png,87.34,16.23,9.44
Tsukuba_f_1_46_17.png,83.43,12.89,6.1
Tsukuba_f_1_46_18.png,88.6,14.17,7.38
Tsukuba_f_1_46_2.png,88.59,14.17,7.38
Tsukuba_f_1_46_3.png,88.59,14.17,7.38
Tsukuba_f_1_46_4.png,88.59,14.17,7.38
Tsukuba_f_1_46_5.png,88.58,14.17,7.38
Tsukuba_f_1_46_6.png,88.56,14.16,7.38
Tsukuba_f_1_46_7.png,88.55,14.16,7.37
Tsukuba_f_1_46_8.png,88.54,14.16,7.37
Tsukuba_f_1_46_9.png,88.53,14.17,7.38
Tsukuba_f_1_47_0.png,88.6,14.17,7.38
Tsukuba_f_1_47_1.png,88.6,14.17,7.38
Tsukuba_f_1_47_10.png,88.51,14.14,7.35
Tsukuba_f_1_47_11.png,88.66,14.18,7.39
Tsukuba_f_1_47_12.png,88.6,14.17,7.38
Tsukuba_f_1_47_13.png,88.76,14.19,7.4
Tsukuba_f_1_47_14.png,88.69,14.17,7.38
Tsukuba_f_1_47_15.png,88.92,14.2,7.41
Tsukuba_f_1_47_16.png,87.22,16.21,9.42
Tsukuba_f_1_47_17.png,83.3,12.87,6.08
Tsukuba_f_1_47_18.png,88.6,14.17,7.38
Tsukuba_f_1_47_2.png,88.59,14.17,7.38
Tsukuba_f_1_47_3.png,88.59,14.17,7.38
Tsukuba_f_1_47_4.png,88.59,14.17,7.38
Tsukuba_f_1_47_5.png,88.58,14.17,7.38
Tsukuba_f_1_47_6.png,88.57,14.16,7.38
Tsukuba_f_1_47_7.png,88.55,14.16,7.37
Tsukuba_f_1_47_8.png,88.57,14.16,7.38
Tsukuba_f_1_47_9.png,88.55,14.17,7.38
Tsukuba_f_1_48_0.png,88.6,14.17,7.38
Tsukuba_f_1_48_1.png,88.6,14.17,7.38
Tsukuba_f_1_48_10.png,88.61,14.17,7.38
Tsukuba_f_1_48_11.png,89.77,13.91,7.12
Tsukuba_f_1_48_12.png,88.6,14.17,7.38
Tsukuba_f_1_48_13.png,88.76,14.19,7.4
Tsukuba_f_1_48_14.png,88.69,14.17,7.38
Tsukuba_f_1_48_15.png,88.92,14.2,7.41
Tsukuba_f_1_48_16.png,87.25,16.23,9.44
Tsukuba_f_1_48_17.png,83.34,12.89,6.1
Tsukuba_f_1_48_18.png,88.6,14.17,7.38
Tsukuba_f_1_48_2.png,88.59,14.17,7.38
Tsukuba_f_1_48_3.png,88.59,14.17,7.38
Tsukuba_f_1_48_4.png,88.59,14.17,7.38
Tsukuba_f_1_48_5.png,88.58,14.17,7.38
Tsukuba_f_1_48_6.png,88.57,14.17,7.38
Tsukuba_f_1_48_7.png,88.55,14.16,7.37
Tsukuba_f_1_48_8.png,88.56,14.16,7.37
Tsukuba_f_1_48_9.png,88.57,14.17,7.38
Tsukuba_f_1_49_0.png,88.6,14.17,7.38
Tsukuba_f_1_49_1.png,88.6,14.17,7.38
Tsukuba_f_1_49_10.png,88.65,14.17,7.38
Tsukuba_f_1_49_11.png,89.85,13.92,7.13
Tsukuba_f_1_49_12.png,88.6,14.17,7.38
Tsukuba_f_1_49_13.png,88.76,14.19,7.4
Tsukuba_f_1_49_14.png,88.69,14.17,7.38
Tsukuba_f_1_49_15.png,88.87,14.19,7.4
Tsukuba_f_1_49_16.png,87.25,16.23,9.44
Tsukuba_f_1_49_17.png,84.19,12.99,6.2
Tsukuba_f_1_49_18.png,88.6,14.17,7.38
Tsukuba_f_1_49_2.png,88.59,14.17,7.38
Tsukuba_f_1_49_3.png,88.59,14.17,7.38
Tsukuba_f_1_49_4.png,88.59,14.17,7.38
Tsukuba_f_1_49_5.png,88.58,14.17,7.38
Tsukuba_f_1_49_6.png,88.57,14.17,7.38
Tsukuba_f_1_49_7.png,88.55,14.16,7.37
Tsukuba_f_1_49_8.png,88.56,14.16,7.37
Tsukuba_f_1_49_9.png,88.57,14.17,7.38
Tsukuba_f_1_4_0.png,88.6,14.17,7.38
Tsukuba_f_1_4_1.png,88.6,14.17,7.38
Tsukuba_f_1_4_10.png,88.6,14.17,7.38
Tsukuba_f_1_4_11.png,88.6,14.17,7.38
Tsukuba_f_1_4_12.png,88.6,14.17,7.38
Tsukuba_f_1_4_13.png,88.78,14.2,7.41
Tsukuba_f_1_4_14.png,88.68,14.17,7.38
Tsukuba_f_1_4_15.png,88.99,14.22,7.43
Tsukuba_f_1_4_16.png,87.33,15.82,9.04
Tsukuba_f_1_4_17.png,83.25,12.64,5.85
Tsukuba_f_1_4_18.png,88.61,14.18,7.39
Tsukuba_f_1_4_2.png,88.6,14.17,7.38
Tsukuba_f_1_4_3.png,88.6,14.17,7.38
Tsukuba_f_1_4_4.png,88.6,14.17,7.38
Tsukuba_f_1_4_5.png,88.6,14.17,7.38
Tsukuba_f_1_4_6.png,88.6,14.17,7.38
Tsukuba_f_1_4_7.png,88.6,14.17,7.38
Tsukuba_f_1_4_8.png,88.6,14.17,7.38
Tsukuba_f_1_4_9.png,88.6,14.17,7.38
Tsukuba_f_1_50_0.png,88.6,14.17,7.38
Tsukuba_f_1_50_1.png,88.6,14.17,7.38
Tsukuba_f_1_50_10.png,88.69,14.14,7.35
Tsukuba_f_1_50_11.png,89.07,13.73,6.94
Tsukuba_f_1_50_12.png,88.63,14.18,7.39
Tsukuba_f_1_50_13.png,88.76,14.19,7.4
Tsukuba_f_1_50_14.png,88.64,14.17,7.38
Tsukuba_f_1_50_15.png,88.74,14.18,7.39
Tsukuba_f_1_50_16.png,87.25,16.23,9.44
Tsukuba_f_1_50_17.png,85.67,13.15,6.36
Tsukuba_f_1_50_18.png,88.6,14.17,7.38
Tsukuba_f_1_50_2.png,88.6,14.17,7.38
Tsukuba_f_1_50_3.png,88.6,14.17,7.38
Tsukuba_f_1_50_4.png,88.59,14.17,7.38
Tsukuba_f_1_50_5.png,88.58,14.17,7.38
Tsukuba_f_1_50_6.png,88.57,14.16,7.37
Tsukuba_f_1_50_7.png,88.56,14.16,7.37
Tsukuba_f_1_50_8.png,88.56,14.16,7.37
Tsukuba_f_1_50_9.png,88.54,14.15,7.36
Tsukuba_f_1_51_0.png,88.6,14.17,7.38
Tsukuba_f_1_51_1.png,88.6,14.17,7.38
Tsukuba_f_1_51_10.png,88.89,14.15,7.36
Tsukuba_f_1_51_11.png,88.99,13.65,6.86
Tsukuba_f_1_51_12.png,88.7,14.2,7.41
Tsukuba_f_1_51_13.png,88.6,14.17,7.38
Tsukuba_f_1_51_14.png,88.64,14.17,7.38
Tsukuba_f_1_51_15.png,88.54,14.16,7.37
Tsukuba_f_1_51_16.png,87.25,16.23,9.44
Tsukuba_f_1_51_17.png,91.18,13.83,7.04
Tsukuba_f_1_51_18.png,88.6,14.17,7.38
Tsukuba_f_1_51_2.png,88.6,14.17,7.38
Tsukuba_f_1_51_3.png,88.6,14.17,7.38
Tsukuba_f_1_51_4.png,88.59,14.17,7.38
Tsukuba_f_1_51_5.png,88.58,14.17,7.38
Tsukuba_f_1_51_6.png,88.57,14.16,7.37
Tsukuba_f_1_51_7.png,88.56,14.16,7.37
Tsukuba_f_1_51_8.png,88.58,14.16,7.37
Tsukuba_f_1_51_9.png,88.57,14.14,7.35
Tsukuba_f_1_52_0.png,88.6,14.17,7.38
Tsukuba_f_1_52_1.png,88.6,14.17,7.38
Tsukuba_f_1_52_10.png,88.76,14.42,7.63
Tsukuba_f_1_52_11.png,87.37,14.38,7.59
Tsukuba_f_1_52_12.png,86.77,13.67,6.88
Tsukuba_f_1_52_13.png,88.6,14.17,7.38
Tsukuba_f_1_52_14.png,88.6,14.17,7.38
Tsukuba_f_1_52_15.png,88.6,14.17,7.38
Tsukuba_f_1_52_16.png,88.6,14.17,7.38
Tsukuba_f_1_52_17.png,88.6,14.17,7.38
Tsukuba_f_1_52_18.png,88.6,14.17,7.38
Tsukuba_f_1_52_2.png,88.6,14.17,7.38
Tsukuba_f_1_52_3.png,88.6,14.17,7.38
Tsukuba_f_1_52_4.png,88.6,14.17,7.38
Tsukuba_f_1_52_5.png,88.6,14.17,7.38
Tsukuba_f_1_52_6.png,88.62,14.18,7.39
Tsukuba_f_1_52_7.png,88.64,14.19,7.4
Tsukuba_f_1_52_8.png,88.71,14.22,7.43
Tsukuba_f_1_52_9.png,88.67,14.26,7.47
Tsukuba_f_1_53_0.png,88.6,14.17,7.38
Tsukuba_f_1_53_1.png,88.6,14.17,7.38
Tsukuba_f_1_53_10.png,88.87,14.16,7.37
Tsukuba_f_1_53_11.png,88.69,13.6,6.81
Tsukuba_f_1_53_12.png,88.76,14.21,7.42
Tsukuba_f_1_53_13.png,88.6,14.17,7.38
Tsukuba_f_1_53_14.png,88.64,14.17,7.38
Tsukuba_f_1_53_15.png,88.49,14.16,7.37
Tsukuba_f_1_53_16.png,87.25,16.23,9.44
Tsukuba_f_1_53_17.png,91.52,13.88,7.09
Tsukuba_f_1_53_18.png,88.6,14.17,7.38
Tsukuba_f_1_53_2.png,88.59,14.17,7.38
Tsukuba_f_1_53_3.png,88.6,14.17,7.38
Tsukuba_f_1_53_4.png,88.59,14.17,7.38
Tsukuba_f_1_53_5.png,88.59,14.17,7.38
Tsukuba_f_1_53_6.png,88.59,14.17,7.38
Tsukuba_f_1_53_7.png,88.57,14.16,7.37
Tsukuba_f_1_53_8.png,88.58,14.16,7.37
Tsukuba_f_1_53_9.png,88.57,14.15,7.36
Tsukuba_f_1_54_0.png,88.6,14.17,7.38
Tsukuba_f_1_54_1.png,88.6,14.17,7.38
Tsukuba_f_1_54_10.png,88.97,14.16,7.37
Tsukuba_f_1_54_11.png,87.01,13.75,6.96
Tsukuba_f_1_54_12.png,88.78,14.21,7.42
Tsukuba_f_1_54_13.png,88.59,14.17,7.38
Tsukuba_f_1_54_14.png,88.63,14.17,7.38
Tsukuba_f_1_54_15.png,88.49,14.16,7.37
Tsukuba_f_1_54_16.png,87.25,16.23,9.44
Tsukuba_f_1_54_17.png,91.36,13.87,7.08
Tsukuba_f_1_54_18.png,88.6,14.17,7.38
Tsukuba_f_1_54_2.png,88.6,14.17,7.38
Tsukuba_f_1_54_3.png,88.6,14.17,7.38
Tsukuba_f_1_54_4.png,88.59,14.17,7.38
Tsukuba_f_1_54_5.png,88.59,14.17,7.38
Tsukuba_f_1_54_6.png,88.6,14.17,7.38
Tsukuba_f_1_54_7.png,88.58,14.17,7.38
Tsukuba_f_1_54_8.png,88.58,14.16,7.37
Tsukuba_f_1_54_9.png,88.57,14.15,7.36
Tsukuba_f_1_55_0.png,88.6,14.17,7.38
Tsukuba_f_1_55_1.png,88.6,14.17,7.38
Tsukuba_f_1_55_10.png,88.94,14.17,7.38
Tsukuba_f_1_55_11.png,86.52,13.7,6.91
Tsukuba_f_1_55_12.png,88.83,14.22,7.43
Tsukuba_f_1_55_13.png,88.59,14.17,7.38
Tsukuba_f_1_55_14.png,88.64,14.17,7.39
Tsukuba_f_1_55_15.png,88.49,14.16,7.37
Tsukuba_f_1_55_16.png,87.25,16.23,9.44
Tsukuba_f_1_55_17.png,91.35,13.86,7.08
Tsukuba_f_1_55_18.png,88.6,14.17,7.38
Tsukuba_f_1_55_2.png,88.6,14.17,7.38
Tsukuba_f_1_55_3.png,88.6,14.17,7.38
Tsukuba_f_1_55_4.png,88.59,14.17,7.38
Tsukuba_f_1_55_5.png,88.59,14.17,7.38
Tsukuba_f_1_55_6.png,88.61,14.17,7.38
Tsukuba_f_1_55_7.png,88.59,14.17,7.38
Tsukuba_f_1_55_8.png,88.61,14.17,7.38
Tsukuba_f_1_55_9.png,88.55,14.15,7.36
Tsukuba_f_1_56_0.png,88.6,14.17,7.38
Tsukuba_f_1_56_1.png,88.6,14.17,7.38
Tsukuba_f_1_56_10.png,88.92,14.17,7.38
Tsukuba_f_1_56_11.png,86.26,13.66,6.87
Tsukuba_f_1_56_12.png,88.82,14.22,7.43
Tsukuba_f_1_56_13.png,88.59,14.17,7.38
Tsukuba_f_1_56_14.png,88.64,14.17,7.39
Tsukuba_f_1_56_15.png,88.49,14.16,7.37
Tsukuba_f_1_56_16.png,87.25,16.23,9.44
Tsukuba_f_1_56_17.png,91.36,13.86,7.08
Tsukuba_f_1_56_18.png,88.6,14.17,7.38
Tsukuba_f_1_56_2.png,88.6,14.17,7.38
Tsukuba_f_1_56_3.png,88.6,14.17,7.38
Tsukuba_f_1_56_4.png,88.59,14.17,7.38
Tsukuba_f_1_56_5.png,88.59,14.17,7.38
Tsukuba_f_1_56_6.png,88.61,14.17,7.38
Tsukuba_f_1_56_7.png,88.59,14.16,7.38
Tsukuba_f_1_56_8.png,88.61,14.17,7.38
Tsukuba_f_1_56_9.png,88.53,14.15,7.36
Tsukuba_f_1_57_0.png,88.6,14.17,7.38
Tsukuba_f_1_57_1.png,88.6,14.17,7.38
Tsukuba_f_1_57_10.png,88.77,14.16,7.37
Tsukuba_f_1_57_11.png,86.81,13.68,6.89
Tsukuba_f_1_57_12.png,88.74,14.18,7.4
Tsukuba_f_1_57_13.png,88.59,14.17,7.38
Tsukuba_f_1_57_14.png,88.64,14.17,7.39
Tsukuba_f_1_57_15.png,88.49,14.16,7.37
Tsukuba_f_1_57_16.png,87.25,16.23,9.44
Tsukuba_f_1_57_17.png,88.6,14.17,7.38
Tsukuba_f_1_57_18.png,88.6,14.17,7.38
Tsukuba_f_1_57_2.png,88.6,14.17,7.38
Tsukuba_f_1_57_3.png,88.6,14.17,7.38
Tsukuba_f_1_57_4.png,88.6,14.17,7.38
Tsukuba_f_1_57_5.png,88.61,14.17,7.38
Tsukuba_f_1_57_6.png,88.63,14.17,7.38
Tsukuba_f_1_57_7.png,88.65,14.17,7.38
Tsukuba_f_1_57_8.png,88.67,14.18,7.39
Tsukuba_f_1_57_9.png,88.47,14.14,7.35
Tsukuba_f_1_58_0.png,88.6,14.17,7.38
Tsukuba_f_1_58_1.png,88.6,14.17,7.38
Tsukuba_f_1_58_10.png,88.83,14.17,7.38
Tsukuba_f_1_58_11.png,86.59,13.58,6.79
Tsukuba_f_1_58_12.png,88.7,14.18,7.39
Tsukuba_f_1_58_13.png,88.59,14.17,7.38
Tsukuba_f_1_58_14.png,88.64,14.18,7.39
Tsukuba_f_1_58_15.png,88.5,14.16,7.38
Tsukuba_f_1_58_16.png,87.16,16.29,9.5
Tsukuba_f_1_58_17.png,88.6,14.17,7.38
Tsukuba_f_1_58_18.png,88.6,14.17,7.38
Tsukuba_f_1_58_2.png,88.6,14.17,7.38
Tsukuba_f_1_58_3.png,88.6,14.17,7.38
Tsukuba_f_1_58_4.png,88.6,14.17,7.38
Tsukuba_f_1_58_5.png,88.61,14.17,7.38
Tsukuba_f_1_58_6.png,88.64,14.17,7.38
Tsukuba_f_1_58_7.png,88.65,14.17,7.38
Tsukuba_f_1_58_8.png,88.67,14.17,7.39
Tsukuba_f_1_58_9.png,88.47,14.14,7.35
Tsukuba_f_1_59_0.png,88.6,14.17,7.38
Tsukuba_f_1_59_1.png,88.6,14.17,7.38
Tsukuba_f_1_59_10.png,88.8,14.16,7.37
Tsukuba_f_1_59_11.png,86.2,13.49,6.7
Tsukuba_f_1_59_12.png,88.59,14.15,7.36
Tsukuba_f_1_59_13.png,88.59,14.17,7.38
Tsukuba_f_1_59_14.png,88.64,14.17,7.39
Tsukuba_f_1_59_15.png,88.49,14.16,7.37
Tsukuba_f_1_59_16.png,87.14,16.3,9.51
Tsukuba_f_1_59_17.png,88.6,14.17,7.38
Tsukuba_f_1_59_18.png,88.6,14.17,7.38
Tsukuba_f_1_59_2.png,88.6,14.17,7.38
Tsukuba_f_1_59_3.png,88.6,14.17,7.38
Tsukuba_f_1_59_4.png,88.6,14.17,7.38
Tsukuba_f_1_59_5.png,88.61,14.17,7.38
Tsukuba_f_1_59_6.png,88.64,14.17,7.38
Tsukuba_f_1_59_7.png,88.67,14.17,7.39
Tsukuba_f_1_59_8.png,88.69,14.18,7.39
Tsukuba_f_1_59_9.png,88.49,14.15,7.36
Tsukuba_f_1_5_0.png,88.6,14.17,7.38
Tsukuba_f_1_5_1.png,88.6,14.17,7.38
Tsukuba_f_1_5_10.png,88.59,14.17,7.38
Tsukuba_f_1_5_11.png,88.59,14.17,7.38
Tsukuba_f_1_5_12.png,88.6,14.17,7.38
Tsukuba_f_1_5_13.png,88.78,14.2,7.41
Tsukuba_f_1_5_14.png,88.68,14.17,7.38
Tsukuba_f_1_5_15.png,88.99,14.22,7.43
Tsukuba_f_1_5_16.png,87.33,15.82,9.04
Tsukuba_f_1_5_17.png,83.25,12.64,5.85
Tsukuba_f_1_5_18.png,88.61,14.18,7.39
Tsukuba_f_1_5_2.png,88.6,14.17,7.38
Tsukuba_f_1_5_3.png,88.6,14.17,7.38
Tsukuba_f_1_5_4.png,88.6,14.17,7.38
Tsukuba_f_1_5_5.png,88.6,14.17,7.38
Tsukuba_f_1_5_6.png,88.59,14.17,7.38
Tsukuba_f_1_5_7.png,88.6,14.17,7.38
Tsukuba_f_1_5_8.png,88.6,14.17,7.38
Tsukuba_f_1_5_9.png,88.6,14.17,7.38
Tsukuba_f_1_60_0.png,88.6,14.17,7.38
Tsukuba_f_1_60_1.png,88.6,14.17,7.38
Tsukuba_f_1_60_10.png,88.73,14.15,7.37
Tsukuba_f_1_60_11.png,86.04,13.47,6.68
Tsukuba_f_1_60_12.png,88.56,14.14,7.35
Tsukuba_f_1_60_13.png,88.6,14.17,7.38
Tsukuba_f_1_60_14.png,88.64,14.17,7.39
Tsukuba_f_1_60_15.png,88.59,14.17,7.39
Tsukuba_f_1_60_16.png,87.58,16.37,9.59
Tsukuba_f_1_60_17.png,88.6,14.17,7.38
Tsukuba_f_1_60_18.png,88.6,14.17,7.38
Tsukuba_f_1_60_2.png,88.6,14.17,7.38
Tsukuba_f_1_60_3.png,88.6,14.17,7.38
Tsukuba_f_1_60_4.png,88.6,14.17,7.38
Tsukuba_f_1_60_5.png,88.61,14.17,7.38
Tsukuba_f_1_60_6.png,88.64,14.17,7.38
Tsukuba_f_1_60_7.png,88.67,14.17,7.39
Tsukuba_f_1_60_8.png,88.69,14.18,7.39
Tsukuba_f_1_60_9.png,88.49,14.15,7.36
Tsukuba_f_1_61_0.png,88.6,14.17,7.38
Tsukuba_f_1_61_1.png,88.6,14.17,7.38
Tsukuba_f_1_61_10.png,88.75,14.16,7.37
Tsukuba_f_1_61_11.png,86.46,13.46,6.68
Tsukuba_f_1_61_12.png,88.56,14.13,7.34
Tsukuba_f_1_61_13.png,88.6,14.17,7.38
Tsukuba_f_1_61_14.png,88.64,14.17,7.39
Tsukuba_f_1_61_15.png,88.6,14.18,7.39
Tsukuba_f_1_61_16.png,88.44,16.07,9.28
Tsukuba_f_1_61_17.png,88.6,14.17,7.38
Tsukuba_f_1_61_18.png,88.6,14.17,7.38
Tsukuba_f_1_61_2.png,88.6,14.17,7.38
Tsukuba_f_1_61_3.png,88.6,14.17,7.38
Tsukuba_f_1_61_4.png,88.6,14.17,7.38
Tsukuba_f_1_61_5.png,88.62,14.17,7.38
Tsukuba_f_1_61_6.png,88.64,14.18,7.39
Tsukuba_f_1_61_7.png,88.67,14.17,7.39
Tsukuba_f_1_61_8.png,88.7,14.18,7.39
Tsukuba_f_1_61_9.png,88.57,14.16,7.38
Tsukuba_f_1_62_0.png,88.6,14.17,7.38
Tsukuba_f_1_62_1.png,88.6,14.17,7.38
Tsukuba_f_1_62_10.png,88.76,14.16,7.37
Tsukuba_f_1_62_11.png,86.71,13.48,6.69
Tsukuba_f_1_62_12.png,88.48,14.11,7.32
Tsukuba_f_1_62_13.png,88.6,14.17,7.38
Tsukuba_f_1_62_14.png,88.64,14.17,7.39
Tsukuba_f_1_62_15.png,88.6,14.18,7.39
Tsukuba_f_1_62_16.png,88.44,16.06,9.27
Tsukuba_f_1_62_17.png,88.6,14.17,7.38
Tsukuba_f_1_62_18.png,88.6,14.17,7.38
Tsukuba_f_1_62_2.png,88.6,14.17,7.38
Tsukuba_f_1_62_3.png,88.6,14.17,7.38
Tsukuba_f_1_62_4.png,88.6,14.17,7.38
Tsukuba_f_1_62_5.png,88.62,14.17,7.38
Tsukuba_f_1_62_6.png,88.64,14.18,7.39
Tsukuba_f_1_62_7.png,88.67,14.17,7.39
Tsukuba_f_1_62_8.png,88.7,14.18,7.39
Tsukuba_f_1_62_9.png,88.57,14.17,7.38
Tsukuba_f_1_63_0.png,88.6,14.17,7.38
Tsukuba_f_1_63_1.png,88.6,14.17,7.38
Tsukuba_f_1_63_10.png,88.75,14.39,7.6
Tsukuba_f_1_63_11.png,87.48,14.39,7.6
Tsukuba_f_1_63_12.png,86.42,13.63,6.85
Tsukuba_f_1_63_13.png,88.6,14.17,7.38
Tsukuba_f_1_63_14.png,88.6,14.17,7.38
Tsukuba_f_1_63_15.png,88.6,14.17,7.38
Tsukuba_f_1_63_16.png,88.6,14.17,7.38
Tsukuba_f_1_63_17.png,88.6,14.17,7.38
Tsukuba_f_1_63_18.png,88.6,14.17,7.38
Tsukuba_f_1_63_2.png,88.6,14.17,7.38
Tsukuba_f_1_63_3.png,88.6,14.17,7.38
Tsukuba_f_1_63_4.png,88.6,14.17,7.38
Tsukuba_f_1_63_5.png,88.6,14.17,7.38
Tsukuba_f_1_63_6.png,88.61,14.18,7.39
Tsukuba_f_1_63_7.png,88.62,14.18,7.39
Tsukuba_f_1_63_8.png,88.71,14.21,7.42
Tsukuba_f_1_63_9.png,88.67,14.25,7.46
Tsukuba_f_1_6_0.png,88.6,14.17,7.38
Tsukuba_f_1_6_1.png,88.6,14.17,7.38
Tsukuba_f_1_6_10.png,88.59,14.17,7.38
Tsukuba_f_1_6_11.png,88.59,14.17,7.38
Tsukuba_f_1_6_12.png,88.6,14.17,7.38
Tsukuba_f_1_6_13.png,88.78,14.2,7.41
Tsukuba_f_1_6_14.png,88.68,14.17,7.38
Tsukuba_f_1_6_15.png,88.99,14.22,7.43
Tsukuba_f_1_6_16.png,87.33,15.82,9.04
Tsukuba_f_1_6_17.png,83.25,12.64,5.85
Tsukuba_f_1_6_18.png,88.61,14.18,7.39
Tsukuba_f_1_6_2.png,88.6,14.17,7.38
Tsukuba_f_1_6_3.png,88.6,14.17,7.38
Tsukuba_f_1_6_4.png,88.6,14.17,7.38
Tsukuba_f_1_6_5.png,88.6,14.17,7.38
Tsukuba_f_1_6_6.png,88.59,14.17,7.38
Tsukuba_f_1_6_7.png,88.6,14.17,7.38
Tsukuba_f_1_6_8.png,88.6,14.17,7.38
Tsukuba_f_1_6_9.png,88.6,14.17,7.38
Tsukuba_f_1_7_0.png,88.6,14.17,7.38
Tsukuba_f_1_7_1.png,88.6,14.17,7.38
Tsukuba_f_1_7_10.png,88.59,14.17,7.38
Tsukuba_f_1_7_11.png,88.59,14.17,7.38
Tsukuba_f_1_7_12.png,88.6,14.17,7.38
Tsukuba_f_1_7_13.png,88.78,14.2,7.41
Tsukuba_f_1_7_14.png,88.68,14.17,7.38
Tsukuba_f_1_7_15.png,88.99,14.22,7.43
Tsukuba_f_1_7_16.png,87.33,15.82,9.04
Tsukuba_f_1_7_17.png,83.25,12.64,5.85
Tsukuba_f_1_7_18.png,88.61,14.18,7.39
Tsukuba_f_1_7_2.png,88.6,14.17,7.38
Tsukuba_f_1_7_3.png,88.6,14.17,7.38
Tsukuba_f_1_7_4.png,88.6,14.17,7.38
Tsukuba_f_1_7_5.png,88.6,14.17,7.38
Tsukuba_f_1_7_6.png,88.59,14.17,7.38
Tsukuba_f_1_7_7.png,88.59,14.17,7.38
Tsukuba_f_1_7_8.png,88.6,14.17,7.38
Tsukuba_f_1_7_9.png,88.59,14.17,7.38
Tsukuba_f_1_8_0.png,88.6,14.17,7.38
Tsukuba_f_1_8_1.png,88.6,14.17,7.38
Tsukuba_f_1_8_10.png,88.77,14.27,7.48
Tsukuba_f_1_8_11.png,87.21,13.76,6.97
Tsukuba_f_1_8_12.png,88.67,13.66,6.87
Tsukuba_f_1_8_13.png,88.6,14.17,7.38
Tsukuba_f_1_8_14.png,88.6,14.17,7.38
Tsukuba_f_1_8_15.png,88.6,14.18,7.39
Tsukuba_f_1_8_16.png,88.6,14.17,7.38
Tsukuba_f_1_8_17.png,88.6,14.17,7.38
Tsukuba_f_1_8_18.png,88.6,14.17,7.38
Tsukuba_f_1_8_2.png,88.6,14.17,7.38
Tsukuba_f_1_8_3.png,88.6,14.17,7.38
Tsukuba_f_1_8_4.png,88.6,14.17,7.38
Tsukuba_f_1_8_5.png,88.61,14.17,7.38
Tsukuba_f_1_8_6.png,88.63,14.18,7.39
Tsukuba_f_1_8_7.png,88.66,14.18,7.39
Tsukuba_f_1_8_8.png,88.75,14.21,7.42
Tsukuba_f_1_8_9.png,88.63,14.21,7.42
Tsukuba_f_1_9_0.png,88.6,14.17,7.38
Tsukuba_f_1_9_1.png,88.6,14.17,7.38
Tsukuba_f_1_9_10.png,88.59,14.17,7.38
Tsukuba_f_1_9_11.png,88.59,14.17,7.38
Tsukuba_f_1_9_12.png,88.6,14.17,7.38
Tsukuba_f_1_9_13.png,88.78,14.2,7.41
Tsukuba_f_1_9_14.png,88.68,14.17,7.38
Tsukuba_f_1_9_15.png,88.99,14.22,7.43
Tsukuba_f_1_9_16.png,87.33,15.82,9.04
Tsukuba_f_1_9_17.png,83.25,12.64,5.85
Tsukuba_f_1_9_18.png,88.62,14.18,7.39
Tsukuba_f_1_9_2.png,88.6,14.17,7.38
Tsukuba_f_1_9_3.png,88.6,14.17,7.38
Tsukuba_f_1_9_4.png,88.6,14.17,7.38
Tsukuba_f_1_9_5.png,88.6,14.17,7.38
Tsukuba_f_1_9_6.png,88.59,14.17,7.38
Tsukuba_f_1_9_7.png,88.59,14.17,7.38
Tsukuba_f_1_9_8.png,88.6,14.17,7.38
Tsukuba_f_1_9_9.png,88.59,14.17,7.38
golden_Tsukuba.png,89.63,13.9,7.11
